Product_Name,SubCategory_ID,Product_ID
Bush Somerset Collection Bookcase,1,1
O'Sullivan Manor Hill 2-Door Library in Brianna Oak,1,2
Bush Mission Pointe Library,1,3
O'Sullivan Living Dimensions 2-Shelf Bookcases,1,4
O'Sullivan 2-Shelf Heavy-Duty Bookcases,1,5
O'Sullivan Cherrywood Estates Traditional Bookcase,1,6
O'Sullivan 2-Door Barrister Bookcase in Odessa Pine,1,7
"Bush Westfield Collection Bookcases, Medium Cherry Finish",1,8
Sauder Cornerstone Collection Library,1,9
"Bush Andora Bookcase, Maple/Graphite Gray Finish",1,10
O'Sullivan 3-Shelf Heavy-Duty Bookcases,1,11
"Bush Westfield Collection Bookcases, Fully Assembled",1,12
O'Sullivan 5-Shelf Heavy-Duty Bookcases,1,13
O'Sullivan 4-Shelf Bookcase in Odessa Pine,1,14
"Sauder Camden County Barrister Bookcase, Planked Cherry Finish",1,15
"Hon Metal Bookcases, Black",1,16
Hon 4-Shelf Metal Bookcases,1,17
"Hon Metal Bookcases, Gray",1,18
Sauder Inglewood Library Bookcases,1,19
"Safco Value Mate Series Steel Bookcases, Baked Enamel Finish on Steel, Gray",1,20
"Bush Heritage Pine Collection 5-Shelf Bookcase, Albany Pine Finish, *Special Order",1,21
"Riverside Palais Royal Lawyers Bookcase, Royale Cherry Finish",1,22
"Sauder Facets Collection Library, Sky Alder Finish",1,23
"Sauder Mission Library with Doors, Fruitwood Finish",1,24
"Atlantic Metals Mobile 3-Shelf Bookcases, Custom Colors",1,25
"O'Sullivan Elevations Bookcase, Cherry Finish",1,26
"Safco Value Mate Steel Bookcase, Baked Enamel Finish on Steel, Black",1,27
"Atlantic Metals Mobile 5-Shelf Bookcases, Custom Colors",1,28
Sauder Camden County Collection Library,1,29
"Atlantic Metals Mobile 4-Shelf Bookcases, Custom Colors",1,30
"Sauder Forest Hills Library with Doors, Woodland Oak Finish",1,31
"Sauder Camden County Collection Libraries, Planked Cherry Finish",1,32
"Rush Hierlooms Collection 1"" Thick Stackable Bookcases",1,33
O'Sullivan Living Dimensions 3-Shelf Bookcases,1,34
Bestar Classic Bookcase,1,35
"Bush Saratoga Collection 5-Shelf Bookcase, Hanover Cherry, *Special Order",1,36
"Hon Metal Bookcases, Putty",1,37
"Global Adaptabilites Bookcase, Cherry/Storm Gray Finish",1,38
"Bush Cubix Collection Bookcases, Fully Assembled",1,39
Sauder Barrister Bookcases,1,40
"Bush Westfield Collection Bookcases, Dark Cherry Finish, Fully Assembled",1,41
"Bush Westfield Collection Bookcases, Dark Cherry Finish",1,42
"Atlantic Metals Mobile 2-Shelf Bookcases, Custom Colors",1,43
O'Sullivan Living Dimensions 5-Shelf Bookcases,1,44
O'Sullivan Plantations 2-Door Library in Landvery Oak,1,45
Rush Hierlooms Collection Rich Wood Bookcases,1,46
O'Sullivan Cherrywood Estates Traditional Barrister Bookcase,1,47
"Bush Birmingham Collection Bookcase, Dark Cherry",1,48
"Hon Deluxe Fabric Upholstered Stacking Chairs, Rounded Back",2,49
"Situations Contoured Folding Chairs, 4/Set",2,50
Global Deluxe High-Back Manager's Chair,2,51
Novimex High-Tech Fabric Mesh Task Chair,2,52
"Metal Folding Chairs, Beige, 4/Carton",2,53
Hon Multipurpose Stacking Arm Chairs,2,54
Global Deluxe Office Fabric Chairs,2,55
DMI Arturo Collection Mission-style Design Wood Chair,2,56
"Global Leather and Oak Executive Chair, Black",2,57
Harbour Creations Steel Folding Chair,2,58
Office Star - Professional Matrix Back Chair with 2-to-1 Synchro Tilt and Mesh Fabric Seat,2,59
"Global Airflow Leather Mesh Back Chair, Black",2,60
Hon Olson Stacker Stools,2,61
"Padded Folding Chairs, Black, 4/Carton",2,62
"Global Leather Highback Executive Chair with Pneumatic Height Adjustment, Black",2,63
"Office Star - Contemporary Task Swivel chair with 2-way adjustable arms, Plum",2,64
Hon Comfortask Task/Swivel Chairs,2,65
Global Comet Stacking Armless Chair,2,66
Hon 4070 Series Pagoda Armless Upholstered Stacking Chairs,2,67
High-Back Leather Manager's Chair,2,68
"Global Wood Trimmed Manager's Task Chair, Khaki",2,69
"Global Geo Office Task Chair, Gray",2,70
HON 5400 Series Task Chairs for Big and Tall,2,71
Global Commerce Series High-Back Swivel/Tilt Chairs,2,72
Hon 2090 “Pillow Soft” Series Mid Back Swivel/Tilt Chairs,2,73
"Global Value Steno Chair, Gray",2,74
"Iceberg Nesting Folding Chair, 19w x 6d x 43h",2,75
Novimex Fabric Task Chair,2,76
"Office Star - Contemporary Task Swivel chair with Loop Arms, Charcoal",2,77
"Global Push Button Manager's Chair, Indigo",2,78
"Leather Task Chair, Black",2,79
"Global Fabric Manager's Chair, Dark Gray",2,80
SAFCO Folding Chair Trolley,2,81
Global Executive Mid-Back Manager's Chair,2,82
"Global High-Back Leather Tilter, Burgundy",2,83
"Global Stack Chair without Arms, Black",2,84
Hon Olson Stacker Chairs,2,85
Hon 4070 Series Pagoda Round Back Stacking Chairs,2,86
Office Star - Contemporary Task Swivel Chair,2,87
Hon Valutask Swivel Chairs,2,88
"Safco Chair Connectors, 6/Carton",2,89
"Global Stack Chair with Arms, Black",2,90
Global Leather Executive Chair,2,91
Global Low Back Tilter Chair,2,92
SAFCO Arco Folding Chair,2,93
Office Star - Mesh Screen back chair with Vinyl seat,2,94
Global Highback Leather Tilter in Burgundy,2,95
"Global Manager's Adjustable Task Chair, Storm",2,96
Novimex Swivel Fabric Task Chair,2,97
Global Comet Stacking Arm Chair,2,98
Hon Mobius Operator's Chair,2,99
Global Ergonomic Managers Chair,2,100
Hon 4700 Series Mobuis Mid-Back Task Chairs with Adjustable Arms,2,101
Office Star Flex Back Scooter Chair with Aluminum Finish Frame,2,102
Bevis Steel Folding Chairs,2,103
Safco Contoured Stacking Chairs,2,104
Hon Deluxe Fabric Upholstered Stacking Chairs,2,105
GuestStacker Chair with Chrome Finish Legs,2,106
"Global Deluxe Stacking Chair, Gray",2,107
Global Deluxe High-Back Office Chair in Storm,2,108
Hon Every-Day Series Multi-Task Chairs,2,109
"Global Leather Task Chair, Black",2,110
"Global Armless Task Chair, Royal Blue",2,111
Global Deluxe Steno Chair,2,112
Novimex Turbo Task Chair,2,113
Hon GuestStacker Chair,2,114
"Global Leather & Oak Executive Chair, Burgundy",2,115
Global Troy Executive Leather Low-Back Tilter,2,116
Office Star - Ergonomically Designed Knee Chair,2,117
Global Enterprise Series Seating High-Back Swivel/Tilt Chairs,2,118
Harbour Creations 67200 Series Stacking Chairs,2,119
Hon Pagoda Stacking Chairs,2,120
Global Super Steno Chair,2,121
Global Chrome Stack Chair,2,122
Office Star - Contemporary Swivel Chair with Padded Adjustable Arms and Flex Back,2,123
"Lifetime Advantage Folding Chairs, 4/Carton",2,124
SAFCO Optional Arm Kit for Workspace Cribbage Stacking Chair,2,125
Office Star - Mid Back Dual function Ergonomic High Back Chair with 2-Way Adjustable Arms,2,126
Global Enterprise Series Seating Low-Back Swivel/Tilt Chairs,2,127
Hon Every-Day Chair Series Swivel Task Chairs,2,128
"Hon Deluxe Fabric Upholstered Stacking Chairs, Squared Back",2,129
Office Star Flex Back Scooter Chair with White Frame,2,130
Office Star - Task Chair with Contemporary Loop Arms,2,131
Office Star - Ergonomic Mid Back Chair with 2-Way Adjustable Arms,2,132
Global Commerce Series Low-Back Swivel/Tilt Chairs,2,133
Global Italian Leather Office Chair,2,134
Magna Visual Magnetic Picture Hangers,3,135
C-Line Cubicle Keepers Polyproplyene Holder With Velcro Backings,3,136
"3M Polarizing Task Lamp with Clamp Arm, Light Gray",3,137
Advantus Panel Wall Certificate Holder - 8.5x11,3,138
9-3/4 Diameter Round Wall Clock,3,139
Eldon Cleatmat Plus Chair Mats for High Pile Carpets,3,140
G.E. Longer-Life Indoor Recessed Floodlight Bulbs,3,141
"Eldon Expressions Wood and Plastic Desk Accessories, Cherry Wood",3,142
"Tenex ""The Solids"" Textured Chair Mats",3,143
"Howard Miller 16"" Diameter Gallery Wall Clock",3,144
Coloredge Poster Frame,3,145
Staple-based wall hangings,3,146
"Seth Thomas 14"" Day/Date Wall Clock",3,147
Advantus Panel Wall Acrylic Frame,3,148
"Eldon Expressions Desk Accessory, Wood Photo Frame, Mahogany",3,149
"C-Line Magnetic Cubicle Keepers, Clear Polypropylene",3,150
DAX Black Cherry Wood-Tone Poster Frame,3,151
Executive Impressions Supervisor Wall Clock,3,152
"Executive Impressions 14"" Two-Color Numerals Wall Clock",3,153
Electrix Halogen Magnifier Lamp,3,154
Dana Swing-Arm Lamps,3,155
Telescoping Adjustable Floor Lamp,3,156
"Advantus Employee of the Month Certificate Frame, 11 x 13-1/2",3,157
"Deflect-o DuraMat Lighweight, Studded, Beveled Mat for Low Pile Carpeting",3,158
Ultra Door Pull Handle,3,159
"Howard Miller 11-1/2"" Diameter Grantwood Wall Clock",3,160
"Dana Fluorescent Magnifying Lamp, White, 36""",3,161
"Eldon Delta Triangular Chair Mat, 52"" x 58"", Clear",3,162
"DAX Copper Panel Document Frame, 5 x 7 Size",3,163
"Executive Impressions 14"" Contract Wall Clock",3,164
Stackable Trays,3,165
DAX Wood Document Frame,3,166
"Seth Thomas 8 1/2"" Cubicle Clock",3,167
Eldon Wave Desk Accessories,3,168
Document Clip Frames,3,169
Luxo Adjustable Task Clamp Lamp,3,170
"Eldon 400 Class Desk Accessories, Black Carbon",3,171
Ultra Door Push Plate,3,172
24-Hour Round Wall Clock,3,173
Eldon Radial Chair Mat for Low to Medium Pile Carpets,3,174
"Howard Miller 13-1/2"" Diameter Rosebrook Wall Clock",3,175
"DataProducts Ampli Magnifier Task Lamp, Black,",3,176
"Eldon Regeneration Recycled Desk Accessories, Smoke",3,177
3M Hangers With Command Adhesive,3,178
"Eldon Expressions Desk Accessory, Wood Pencil Holder, Oak",3,179
Acrylic Self-Standing Desk Frames,3,180
"Tenex 46"" x 60"" Computer Anti-Static Chairmat, Rectangular Shaped",3,181
Deflect-o DuraMat Antistatic Studded Beveled Mat for Medium Pile Carpeting,3,182
Tenex B1-RE Series Chair Mats for Low Pile Carpets,3,183
Electrix Fluorescent Magnifier Lamps & Weighted Base,3,184
Luxo Professional Fluorescent Magnifier Lamp with Clamp-Mount Base,3,185
Tenex Antistatic Computer Chair Mats,3,186
"Seth Thomas 16"" Steel Case Clock",3,187
Eldon Pizzaz Desk Accessories,3,188
"Executive Impressions 12"" Wall Clock",3,189
"Computer Room Manger, 14""",3,190
"GE General Purpose, Extra Long Life, Showcase & Floodlight Incandescent Bulbs",3,191
"Howard Miller 11-1/2"" Diameter Ridgewood Wall Clock",3,192
"Electrix Architect's Clamp-On Swing Arm Lamp, Black",3,193
"Master Caster Door Stop, Large Neon Orange",3,194
"Westinghouse Floor Lamp with Metal Mesh Shade, Black",3,195
Aluminum Document Frame,3,196
Luxo Professional Magnifying Clamp-On Fluorescent Lamps,3,197
"Eldon Expressions Wood and Plastic Desk Accessories, Oak",3,198
"GE General Use Halogen Bulbs, 100 Watts, 1 Bulb per Pack",3,199
Eldon Image Series Black Desk Accessories,3,200
"Executive Impressions 14""",3,201
"Tenex Chairmat w/ Average Lip, 45"" x 53""",3,202
12-1/2 Diameter Round Wall Clock,3,203
Regeneration Desk Collection,3,204
Tensor Brushed Steel Torchiere Floor Lamp,3,205
Deflect-o Glass Clear Studded Chair Mats,3,206
"Tenex Traditional Chairmats for Medium Pile Carpet, Standard Lip, 36"" x 48""",3,207
"Master Caster Door Stop, Brown",3,208
"Eldon 200 Class Desk Accessories, Burgundy",3,209
"Ultra Door Kickplate, 8""H x 34""W",3,210
"Executive Impressions 14"" Contract Wall Clock with Quartz Movement",3,211
Howard Miller 12-3/4 Diameter Accuwave DS  Wall Clock,3,212
"Eldon Expressions Wood Desk Accessories, Oak",3,213
"Eldon Image Series Desk Accessories, Ebony",3,214
Tenex Chairmats For Use with Hard Floors,3,215
3M Polarizing Light Filter Sleeves,3,216
"Deflect-o EconoMat Studded, No Bevel Mat for Low Pile Carpeting",3,217
"Master Caster Door Stop, Gray",3,218
"Stacking Tray, Side-Loading, Legal, Smoke",3,219
DAX Clear Channel Poster Frame,3,220
Longer-Life Soft White Bulbs,3,221
"GE 48"" Fluorescent Tube, Cool White Energy Saver, 34 Watts, 30/Box",3,222
"Eldon 200 Class Desk Accessories, Smoke",3,223
Eldon Expressions Mahogany Wood Desk Collection,3,224
Artistic Insta-Plaque,3,225
DAX Two-Tone Silver Metal Document Frame,3,226
Eldon Advantage Chair Mats for Low to Medium Pile Carpets,3,227
"DAX Cubicle Frames, 8-1/2 x 11",3,228
"Eldon Expressions Punched Metal & Wood Desk Accessories, Black & Cherry",3,229
"Eldon Stackable Tray, Side-Load, Legal, Smoke",3,230
Luxo Economy Swing Arm Lamp,3,231
"Floodlight Indoor Halogen Bulbs, 1 Bulb per Pack, 60 Watts",3,232
"Deflect-o EconoMat Nonstudded, No Bevel Mat",3,233
Eldon 200 Class Desk Accessories,3,234
Tenex Chairmats For Use With Carpeted Floors,3,235
Luxo Professional Combination Clamp-On Lamps,3,236
Dax Clear Box Frame,3,237
"Seth Thomas 12"" Clock w/ Goldtone Case",3,238
Westinghouse Clip-On Gooseneck Lamps,3,239
"DAX Value U-Channel Document Frames, Easel Back",3,240
Hand-Finished Solid Wood Document Frame,3,241
"Executive Impressions 13-1/2"" Indoor/Outdoor Wall Clock",3,242
Tensor Computer Mounted Lamp,3,243
"Howard Miller 11-1/2"" Diameter Brentwood Wall Clock",3,244
"Master Caster Door Stop, Large Brown",3,245
Eldon 100 Class Desk Accessories,3,246
Flat Face Poster Frame,3,247
"Master Big Foot Doorstop, Beige",3,248
"Executive Impressions 10"" Spectator Wall Clock",3,249
OIC Stacking Trays,3,250
"GE 4 Foot Flourescent Tube, 40 Watt",3,251
36X48 HARDFLOOR CHAIRMAT,3,252
"Seth Thomas 13 1/2"" Wall Clock",3,253
Nu-Dell Oak Frame,3,254
"Tenex Carpeted, Granite-Look or Clear Contemporary Contour Shape Chair Mats",3,255
Magnifier Swing Arm Lamp,3,256
"Linden 10"" Round Wall Clock, Black",3,257
DAX Natural Wood-Tone Poster Frame,3,258
"Howard Miller 13"" Diameter Pewter Finish Round Wall Clock",3,259
"Eldon 300 Class Desk Accessories, Black",3,260
Stacking Trays by OIC,3,261
Dana Halogen Swing-Arm Architect Lamp,3,262
"6"" Cubicle Wall Clock, Black",3,263
Nu-Dell Executive Frame,3,264
"Deflect-o SuperTray Unbreakable Stackable Tray, Letter, Black",3,265
"Westinghouse Mesh Shade Clip-On Gooseneck Lamp, Black",3,266
Contemporary Borderless Frame,3,267
Deflect-O Glasstique Clear Desk Accessories,3,268
DAX Cubicle Frames - 8x10,3,269
"DAX Two-Tone Rosewood/Black Document Frame, Desktop, 5 x 7",3,270
"Eldon Regeneration Recycled Desk Accessories, Black",3,271
Eldon Cleatmat Chair Mats for Medium Pile Carpets,3,272
"Eldon Expressions Punched Metal & Wood Desk Accessories, Pewter & Cherry",3,273
"DAX Contemporary Wood Frame with Silver Metal Mat, Desktop, 11 x 14 Size",3,274
Nu-Dell Leatherette Frames,3,275
Contemporary Wood/Metal Frame,3,276
Eldon Antistatic Chair Mats for Low to Medium Pile Carpets,3,277
"Tenex Traditional Chairmats for Hard Floors, Average Lip, 36"" x 48""",3,278
"DAX Executive Solid Wood Document Frame, Desktop or Hang, Mahogany, 5 x 7",3,279
Eldon Econocleat Chair Mats for Low Pile Carpets,3,280
"Deflect-o RollaMat Studded, Beveled Mat for Medium Pile Carpeting",3,281
"Executive Impressions 8-1/2"" Career Panel/Partition Cubicle Clock",3,282
"Rubbermaid ClusterMat Chairmats, Mat Size- 66"" x 60"", Lip 20"" x 11"" -90 Degree Angle",3,283
G.E. Halogen Desk Lamp Bulbs,3,284
"Contract Clock, 14"", Brown",3,285
"Tenex V2T-RE Standard Weight Series Chair Mat, 45"" x 53"", Lip 25"" x 12""",3,286
Eldon Advantage Foldable Chair Mats for Low Pile Carpets,3,287
"Master Giant Foot Doorstop, Safety Yellow",3,288
"Linden 12"" Wall Clock With Oak Frame",3,289
Howard Miller Distant Time Traveler Alarm Clock,3,290
"DAX Metal Frame, Desktop, Stepped-Edge",3,291
"Eldon ""L"" Workstation Diamond Chairmat",3,292
"Electrix Incandescent Magnifying Lamp, Black",3,293
Nu-Dell Float Frame 11 x 14 1/2,3,294
Electrix 20W Halogen Replacement Bulb for Zoom-In Desk Lamp,3,295
Eldon ClusterMat Chair Mat with Cordless Antistatic Protection,3,296
"DAX Charcoal/Nickel-Tone Document Frame, 5 x 7",3,297
"Eldon Imàge Series Desk Accessories, Clear",3,298
"Howard Miller 12"" Round Wall Clock",3,299
Eldon Executive Woodline II Cherry Finish Desk Accessories,3,300
Nu-Dell EZ-Mount Plastic Wall Frames,3,301
"C-Line Cubicle Keepers Polyproplyene Holder w/Velcro Back, 8-1/2x11, 25/Bx",3,302
Tensor Track Tree Floor Lamp,3,303
"Executive Impressions 16-1/2"" Circular Wall Clock",3,304
"Career Cubicle Clock, 8 1/4"", Black",3,305
"Seth Thomas 14"" Putty-Colored Wall Clock",3,306
"Tensor ""Hersey Kiss"" Styled Floor Lamp",3,307
Ultra Commercial Grade Dual Valve Door Closer,3,308
Global Adaptabilities Conference Tables,4,309
Bretford CR4500 Series Slim Rectangular Table,4,310
KI Adjustable-Height Table,4,311
Bush Advantage Collection Round Conference Table,4,312
Bretford Rectangular Conference Table Tops,4,313
"Hon Practical Foundations 30 x 60 Training Table, Light Gray/Charcoal",4,314
Balt Solid Wood Rectangular Table,4,315
Chromcraft Round Conference Tables,4,316
BoxOffice By Design Rectangular and Half-Moon Meeting Room Tables,4,317
Bush Advantage Collection Racetrack Conference Table,4,318
BPI Conference Tables,4,319
Chromcraft Bull-Nose Wood Oval Conference Tables & Bases,4,320
Hon Racetrack Conference Tables,4,321
Hon 5100 Series Wood Tables,4,322
Bretford CR8500 Series Meeting Room Furniture,4,323
Hon Rectangular Conference Tables,4,324
"Iceberg OfficeWorks 42"" Round Tables",4,325
"Lesro Sheffield Collection Coffee Table, End Table, Center Table, Corner Table",4,326
"Chromcraft 48"" x 96"" Racetrack Double Pedestal Table",4,327
Bevis 44 x 96 Conference Tables,4,328
Hon 2111 Invitation Series Corner Table,4,329
"Chromcraft Bull-Nose Wood 48"" x 96"" Rectangular Conference Tables",4,330
Hon 2111 Invitation Series Straight Table,4,331
Hon 61000 Series Interactive Training Tables,4,332
Balt Solid Wood Round Tables,4,333
"Bevis Round Bullnose 29"" High Table Top",4,334
"Lesro Round Back Collection Coffee Table, End Table",4,335
"Barricks 18"" x 48"" Non-Folding Utility Table with Bottom Storage Shelf",4,336
"SAFCO PlanMaster Boards, 60w x 37-1/2d, White Melamine",4,337
"Bevis Round Conference Table Top, X-Base",4,338
"Office Impressions End Table, 20-1/2""H x 24""W x 20""D",4,339
Chromcraft Rectangular Conference Tables,4,340
Bretford “Just In Time” Height-Adjustable Multi-Task Work Tables,4,341
Hon 4060 Series Tables,4,342
Bevis 36 x 72 Conference Tables,4,343
Bevis Round Conference Table Top & Single Column Base,4,344
KI Conference Tables,4,345
Bevis Round Conference Room Tables and Bases,4,346
Bevis Boat-Shaped Conference Table,4,347
"Barricks Non-Folding Utility Table with Steel Legs, Laminate Tops",4,348
"Bush Andora Conference Table, Maple/Graphite Gray Finish",4,349
Anderson Hickey Conga Table Tops & Accessories,4,350
"Hon 30"" x 60"" Table with Locking Drawer",4,351
Hon 94000 Series Round Tables,4,352
"Bush Cubix Conference Tables, Fully Assembled",4,353
Safco Drafting Table,4,354
Laminate Occasional Tables,4,355
Balt Split Level Computer Training Table,4,356
"Bevis Oval Conference Table, Walnut",4,357
Hon Non-Folding Utility Tables,4,358
"Chromcraft Bull-Nose Wood Round Conference Table Top, Wood Base",4,359
"SAFCO PlanMaster Heigh-Adjustable Drafting Table Base, 43w x 30d x 30-37h, Black",4,360
"Riverside Furniture Oval Coffee Table, Oval End Table, End Table with Drawer",4,361
Bevis Rectangular Conference Tables,4,362
Riverside Furniture Stanwyck Manor Table Series,4,363
"Bevis Traditional Conference Table Top, Plinth Base",4,364
Eureka The Boss Cordless Rechargeable Stick Vac,5,365
Belkin 5 Outlet SurgeMaster Power Centers,5,366
"Fellowes Premier Superior Surge Suppressor, 10-Outlet, With Phone and Remote",5,367
Belkin F9M820V08 8 Outlet Surge,5,368
Belkin 8-Outlet Premiere SurgeMaster II Surge Protectors,5,369
"Fellowes Smart Surge Ten-Outlet Protector, Platinum",5,370
Acco 6 Outlet Guardian Premium Surge Suppressor,5,371
Hoover Upright Vacuum With Dirt Cup,5,372
"Sanitaire Vibra Groomer IR Commercial Upright Vacuum, Replacement Belts",5,373
"Holmes Replacement Filter for HEPA Air Cleaner, Large Room",5,374
"Acco 7-Outlet Masterpiece Power Center, Wihtout Fax/Phone Line Protection",5,375
"Bravo II Megaboss 12-Amp Hard Body Upright, Replacement Belts, 2 Belts per Pack",5,376
"Eureka Sanitaire  Multi-Pro Heavy-Duty Upright, Disposable Bags",5,377
Acco Smartsocket Color-Coded Six-Outlet AC Adapter Model Surge Protectors,5,378
Staple holder,5,379
Hoover Portapower Portable Vacuum,5,380
Fellowes Advanced Computer Series Surge Protectors,5,381
Sanyo 2.5 Cubic Foot Mid-Size Office Refrigerators,5,382
Fellowes 8 Outlet Superior Workstation Surge Protector w/o Phone/Fax/Modem Protection,5,383
APC 7 Outlet Network SurgeArrest Surge Protector,5,384
Fellowes Superior 10 Outlet Split Surge Protector,5,385
Belkin 8 Outlet Surge Protector,5,386
Honeywell Quietcare HEPA Air Cleaner,5,387
Harmony HEPA Quiet Air Purifiers,5,388
"Eureka The Boss Plus 12-Amp Hard Box Upright Vacuum, Red",5,389
Fellowes 8 Outlet Superior Workstation Surge Protector,5,390
Holmes HEPA Air Purifier,5,391
Honeywell Enviracaire Portable HEPA Air Cleaner for 17' x 22' Room,5,392
Fellowes Mighty 8 Compact Surge Protector,5,393
"1.7 Cubic Foot Compact ""Cube"" Office Refrigerators",5,394
Kensington 7 Outlet MasterPiece Power Center,5,395
Belkin F9H710-06 7 Outlet SurgeMaster Surge Protector,5,396
Euro Pro Shark Stick Mini Vacuum,5,397
3.6 Cubic Foot Counter Height Office Refrigerator,5,398
Holmes Odor Grabber,5,399
Honeywell Enviracaire Portable HEPA Air Cleaner for 16' x 20' Room,5,400
Acco 6 Outlet Guardian Standard Surge Suppressor,5,401
"Eureka The Boss Lite 10-Amp Upright Vacuum, Blue",5,402
Belkin Premiere Surge Master II 8-outlet surge protector,5,403
Hoover Commercial SteamVac,5,404
Tripp Lite Isotel 6 Outlet Surge Protector with Fax/Modem Protection,5,405
Bionaire 99.97% HEPA Air Cleaner,5,406
Belkin 8 Outlet SurgeMaster II Gold Surge Protector,5,407
"Eureka Hand Vacuum, Bagless",5,408
Fellowes Basic Home/Office Series Surge Protectors,5,409
Hoover Commercial Soft Guard Upright Vacuum And Disposable Filtration Bags,5,410
Hoover WindTunnel Plus Canister Vacuum,5,411
Belkin 8 Outlet SurgeMaster II Gold Surge Protector with Phone Protection,5,412
Holmes Harmony HEPA Air Purifier for 17 x 20 Room,5,413
Belkin 7-Outlet SurgeMaster Home Series,5,414
Avanti 4.4 Cu. Ft. Refrigerator,5,415
"Acco Six-Outlet Power Strip, 4' Cord Length",5,416
Euro-Pro Shark Turbo Vacuum,5,417
Belkin 6 Outlet Metallic Surge Strip,5,418
Kensington 7 Outlet MasterPiece HOMEOFFICE Power Control Center,5,419
Belkin F5C206VTEL 6 Outlet Surge,5,420
Harmony Air Purifier,5,421
Kensington 6 Outlet Guardian Standard Surge Protector,5,422
Belkin F9G930V10-GRY 9 Outlet Surge,5,423
Kensington 6 Outlet MasterPiece HOMEOFFICE Power Control Center,5,424
Kensington 4 Outlet MasterPiece Compact Power Control Center,5,425
Holmes 99% HEPA Air Purifier,5,426
"Hoover Replacement Belts For Soft Guard & Commercial Ltweight Upright Vacs, 2/Pk",5,427
Fellowes Command Center 5-outlet power strip,5,428
Belkin F9S820V06 8 Outlet Surge,5,429
3M Replacement Filter for Office Air Cleaner for 20' x 33' Room,5,430
"Sanyo Counter Height Refrigerator with Crisper, 3.6 Cubic Foot, Stainless Steel/Black",5,431
"Commercial WindTunnel Clean Air Upright Vacuum, Replacement Belts, Filtration Bags",5,432
"Acco Smartsocket Table Surge Protector, 6 Color-Coded Adapter Outlets",5,433
Bionaire Personal Warm Mist Humidifier/Vaporizer,5,434
"Holmes Replacement Filter for HEPA Air Cleaner, Medium Room",5,435
Hoover Shoulder Vac Commercial Portable Vacuum,5,436
"Holmes Visible Mist Ultrasonic Humidifier with 2.3-Gallon Output per Day, Replacement Filter",5,437
Tripp Lite TLP810NET Broadband Surge for Modem/Fax,5,438
"Holmes Cool Mist Humidifier for the Whole House with 8-Gallon Output per Day, Extended Life Filter",5,439
3M Office Air Cleaner,5,440
Acco 6 Outlet Guardian Premium Plus Surge Suppressor,5,441
Belkin 7 Outlet SurgeMaster Surge Protector with Phone Protection,5,442
"Conquest 14 Commercial Heavy-Duty Upright Vacuum, Collection System, Accessory Kit",5,443
"Holmes Replacement Filter for HEPA Air Cleaner, Very Large Room, HEPA Filter",5,444
Kensington 6 Outlet SmartSocket Surge Protector,5,445
Hoover Replacement Belt for Commercial Guardsman Heavy-Duty Upright Vacuum,5,446
Hoover Commercial Lightweight Upright Vacuum with E-Z Empty Dirt Cup,5,447
Eureka Sanitaire  Commercial Upright,5,448
Acco 6 Outlet Guardian Basic Surge Suppressor,5,449
Eureka Disposable Bags for Sanitaire Vibra Groomer I Upright Vac,5,450
Hoover Commercial Lightweight Upright Vacuum,5,451
Honeywell Enviracaire Portable Air Cleaner for up to 8 x 10 Room,5,452
Tripp Lite Isotel 8 Ultra 8 Outlet Metal Surge,5,453
Honeywell Enviracaire Portable HEPA Air Cleaner for up to 10 x 16 Room,5,454
Kensington 7 Outlet MasterPiece Power Center with Fax/Phone Line Protection,5,455
Avanti 1.7 Cu. Ft. Refrigerator,5,456
Black & Decker Filter for Double Action Dustbuster Cordless Vac BLDV7210,5,457
Disposable Triple-Filter Dust Bags,5,458
Fellowes Advanced 8 Outlet Surge Suppressor with Phone/Fax Protection,5,459
Laser & Ink Jet Business Envelopes,6,460
"#10- 4 1/8"" x 9 1/2"" Recycled Envelopes",6,461
"Tyvek  Top-Opening Peel & Seel  Envelopes, Gray",6,462
Letter or Legal Size Expandable Poly String Tie Envelopes,6,463
Convenience Packs of Business Envelopes,6,464
Jiffy Padded Mailers with Self-Seal Closure,6,465
"#10 White Business Envelopes,4 1/8 x 9 1/2",6,466
Staple envelope,6,467
"#10- 4 1/8"" x 9 1/2"" Security-Tint Envelopes",6,468
"Recycled Interoffice Envelopes with Re-Use-A-Seal Closure, 10 x 13",6,469
Jet-Pak Recycled Peel 'N' Seal Padded Mailers,6,470
"Tyvek  Top-Opening Peel & Seel Envelopes, Plain White",6,471
"White Business Envelopes with Contemporary Seam, Recycled White Business Envelopes",6,472
Security-Tint Envelopes,6,473
"Blue String-Tie & Button Interoffice Envelopes, 10 x 13",6,474
Globe Weis Peel & Seel First Class Envelopes,6,475
Brown Kraft Recycled Envelopes,6,476
#10 Self-Seal White Envelopes,6,477
Cameo Buff Policy Envelopes,6,478
"Redi-Strip #10 Envelopes, 4 1/8 x 9 1/2",6,479
Pastel Pink Envelopes,6,480
Airmail Envelopes,6,481
Colored Envelopes,6,482
"Peel & Seel Recycled Catalog Envelopes, Brown",6,483
"Tyvek Interoffice Envelopes, 9 1/2"" x 12 1/2"", 100/Box",6,484
Poly String Tie Envelopes,6,485
Fashion Color Clasp Envelopes,6,486
Wausau Papers Astrobrights Colored Envelopes,6,487
Ames Color-File Green Diamond Border X-ray Mailers,6,488
Ampad #10 Peel & Seel Holiday Envelopes,6,489
"Strathmore #10 Envelopes, Ultimate White",6,490
"White Envelopes, White Envelopes with Clear Poly Window",6,491
Tyvek Side-Opening Peel & Seel Expanding Envelopes,6,492
Peel & Seel Envelopes,6,493
"Inter-Office Recycled Envelopes, Brown Kraft, Button-String,10"" x 13"" , 100/Box",6,494
"Recycled Interoffice Envelopes with String and Button Closure, 10 x 13",6,495
"Manila Recycled Extra-Heavyweight Clasp Envelopes, 6"" x 9""",6,496
#6 3/4 Gummed Flap White Envelopes,6,497
"#10-4 1/8"" x 9 1/2"" Premium Diagonal Seam Envelopes",6,498
Quality Park Security Envelopes,6,499
"#10 Gummed Flap White Envelopes, 100/Box",6,500
Grip Seal Envelopes,6,501
Multimedia Mailers,6,502
Park Ridge Embossed Executive Business Envelopes,6,503
Portable Personal File Box,7,504
Fellowes Super Stor/Drawer,7,505
Super Decoflex Portable Personal File,7,506
"SAFCO Commercial Wire Shelving, Black",7,507
Space Solutions Commercial Steel Shelving,7,508
Eldon Gobal File Keepers,7,509
Iceberg Mobile Mega Data/Printer Cart,7,510
"Multi-Use Personal File Cart and Caster Set, Three Stacking Bins",7,511
Fellowes Bankers Box Stor/Drawer Steel Plus,7,512
Economy Rollaway Files,7,513
"Trav-L-File Heavy-Duty Shuttle II, Black",7,514
Fellowes Bankers Box Staxonsteel Drawer File/Stacking System,7,515
Fellowes Neat Ideas Storage Cubes,7,516
Eldon Fold 'N Roll Cart System,7,517
"Gould Plastics 18-Pocket Panel Bin, 34w x 5-1/4d x 20-1/2h",7,518
"Advantus 10-Drawer Portable Organizer, Chrome Metal Frame, Smoke Drawers",7,519
"Hot File 7-Pocket, Floor Stand",7,520
Standard Rollaway File with Lock,7,521
Tennsco 6- and 18-Compartment Lockers,7,522
Fellowes Super Stor/Drawer Files,7,523
Plastic Stacking Crates & Casters,7,524
Crate-A-Files,7,525
Sensible Storage WireTech Storage Systems,7,526
"24 Capacity Maxi Data Binder Racks, Pearl",7,527
Tennsco Single-Tier Lockers,7,528
Woodgrain Magazine Files by Perma,7,529
Tennsco 16-Compartment Lockers with Coat Rack,7,530
Fellowes High-Stak Drawer Files,7,531
"Decoflex Hanging Personal Folder File, Blue",7,532
Steel Personal Filing/Posting Tote,7,533
Akro-Mils 12-Gallon Tote,7,534
"Iris 3-Drawer Stacking Bin, Black",7,535
Tennsco Commercial Shelving,7,536
Eldon Simplefile Box Office,7,537
Advantus Rolling Drawer Organizers,7,538
"Fellowes Mobile File Cart, Black",7,539
Tennsco Double-Tier Lockers,7,540
Adjustable Depth Letter/Legal Cart,7,541
Project Tote Personal File,7,542
Fellowes Econo/Stor Drawers,7,543
Eldon Portable Mobile Manager,7,544
"Tenex Personal Self-Stacking Standard File Box, Black/Gray",7,545
Acco Perma 4000 Stacking Storage Drawers,7,546
Carina Double Wide Media Storage Towers in Natural & Black,7,547
Fellowes Bankers Box Recycled Super Stor/Drawer,7,548
"Rogers Jumbo File, Granite",7,549
Hanging Personal Folder File,7,550
X-Rack File for Hanging Folders,7,551
Recycled Eldon Regeneration Jumbo File,7,552
Space Solutions Industrial Galvanized Steel Shelving.,7,553
"Carina Mini System Audio Rack, Model AR050B",7,554
"SAFCO Commercial Wire Shelving, 72h",7,555
Tennsco Industrial Shelving,7,556
Letter Size Cart,7,557
"Eldon Base for stackable storage shelf, platinum",7,558
Safco Industrial Wire Shelving System,7,559
Carina Media Storage Towers in Natural & Black,7,560
2300 Heavy-Duty Transfer File Systems by Perma,7,561
"Safco Wire Cube Shelving System, For Use as 4 or 5 14"" Cubes, Black",7,562
Staple magnet,7,563
"Contico 72""H Heavy-Duty Storage System",7,564
Portfile Personal File Boxes,7,565
Sterilite Officeware Hinged File Box,7,566
"Stur-D-Stor Shelving, Vertical 5-Shelf: 72""H x 36""W x 18 1/2""D",7,567
Fellowes Officeware Wire Shelving,7,568
Eldon Shelf Savers Cubes and Bins,7,569
Fellowes Stor/Drawer Steel Plus Storage Drawers,7,570
Safco Commercial Shelving,7,571
"Fellowes Strictly Business Drawer File, Letter/Legal Size",7,572
Eldon Mobile Mega Data Cart  Mega Stackable  Add-On Trays,7,573
Fellowes Desktop Hanging File Manager,7,574
Space Solutions HD Industrial Steel Shelving.,7,575
"Carina 42""Hx23 3/4""W Media Storage Unit",7,576
"Belkin 19"" Vented Equipment Shelf, Black",7,577
Home/Office Personal File Carts,7,578
Akro Stacking Bins,7,579
Rogers Deluxe File Chest,7,580
"Personal Filing Tote with Lid, Black/Gray",7,581
"Letter/Legal File Tote with Clear Snap-On Lid, Black Granite",7,582
Tennsco Regal Shelving Units,7,583
"Tennsco Lockers, Gray",7,584
"Perma STOR-ALL Hanging File Box, 13 1/8""W x 12 1/4""D x 10 1/2""H",7,585
"File Shuttle II and Handi-File, Black",7,586
Recycled Steel Personal File for Hanging File Folders,7,587
"Dual Level, Single-Width Filing Carts",7,588
Eldon ProFile File 'N Store Portable File Tub Letter/Legal Size Black,7,589
"Tennsco Stur-D-Stor Boltless Shelving, 5 Shelves, 24"" Deep, Sand",7,590
"Personal Folder Holder, Ebony",7,591
Fellowes Bases and Tops For Staxonsteel/High-Stak Systems,7,592
Fellowes Staxonsteel Drawer Files,7,593
"Tennsco Snap-Together Open Shelving Units, Starter Sets and Add-On Units",7,594
Pizazz Global Quick File,7,595
SAFCO Boltless Steel Shelving,7,596
"Sortfiler Multipurpose Personal File Organizer, Black",7,597
"Gould Plastics 9-Pocket Panel Bin, 18-3/8w x 5-1/4d x 20-1/2h, Black",7,598
File Shuttle I and Handi-File,7,599
"Tenex Personal Project File with Scoop Front Design, Black",7,600
Sterilite Show Offs Storage Containers,7,601
"SAFCO Mobile Desk Side File, Wire Frame",7,602
"Tenex File Box, Personal Filing Tote with Lid, Black",7,603
"SimpliFile Personal File, Black Granite, 15w x 6-15/16d x 11-1/4h",7,604
"Companion Letter/Legal File, Black",7,605
Rogers Profile Extra Capacity Storage Tub,7,606
Mobile Personal File Cube,7,607
Acco Perma 2700 Stacking Storage Drawers,7,608
Safco Industrial Wire Shelving,7,609
Iris Project Case,7,610
Advantus Rolling Storage Box,7,611
Fellowes Recycled Storage Drawers,7,612
"Mini 13-1/2 Capacity Data Binder Rack, Pearl",7,613
"Sauder Facets Collection Locker/File Cabinet, Sky Alder Finish",7,614
"Recycled Data-Pak for Archival Bound Computer Printouts, 12-1/2 x 12-1/2 x 16",7,615
Deluxe Rollaway Locking File with Drawer,7,616
Office Impressions Heavy Duty Welded Shelving & Multimedia Storage Drawers,7,617
"Belkin 19"" Center-Weighted Shelf, Gray",7,618
"Neat Ideas Personal Hanging Folder Files, Black",7,619
Eldon File Chest Portable File,7,620
Adjustable Personal File Tote,7,621
"Tennsco Lockers, Sand",7,622
Safco Steel Mobile File Cart,7,623
Safco Industrial Shelving,7,624
Recycled Steel Personal File for Standard File Folders,7,625
Smead Adjustable Mobile File Trolley with Lockable Top,7,626
Desktop 3-Pocket Hot File,7,627
Eldon Jumbo ProFile Portable File Boxes Graphite/Black,7,628
Belkin OmniView SE Rackmount Kit,7,629
Letter Size File,7,630
Decoflex Hanging Personal Folder File,7,631
Tuf-Vin Binders,8,632
"GBC Clear Cover, 8-1/2 x 11, unpunched, 25 covers per pack",8,633
Aluminum Screw Posts,8,634
Ibico Plastic Spiral Binding Combs,8,635
GBC Imprintable Covers,8,636
"ACCOHIDE 3-Ring Binder, Blue, 1""",8,637
Wilson Jones “Snap” Scratch Pad Binder Tool for Ring Binders,8,638
GBC DocuBind 300 Electric Binding Machine,8,639
Large Capacity Hanging Post Binders,8,640
Avery Durable Binders,8,641
"XtraLife ClearVue Slant-D Ring Binder, White, 3""",8,642
"Avery Durable Slant Ring Binders, No Labels",8,643
Ibico Standard Transparent Covers,8,644
Binding Machine Supplies,8,645
GBC Prestige Therm-A-Bind Covers,8,646
"GBC Prepunched Paper, 19-Hole, for Binding Systems, 24-lb",8,647
"Wilson Jones Hanging View Binder, White, 1""",8,648
GBC ProClick Spines for 32-Hole Punch,8,649
"Acco Flexible ACCOHIDE Square Ring Data Binder, Dark Blue, 11 1/2"" X 14"" 7/8""",8,650
Poly Designer Cover & Back,8,651
GBC Instant Report Kit,8,652
GBC Personal VeloBind Strips,8,653
GBC Instant Index System for Binding Systems,8,654
Insertable Tab Post Binder Dividers,8,655
GBC VeloBinder Manual Binding System,8,656
"Premier Elliptical Ring Binder, Black",8,657
Canvas Sectional Post Binders,8,658
Avery Durable Slant Ring Binders With Label Holder,8,659
Ibico Plastic and Wire Spiral Binding Combs,8,660
GBC VeloBinder Electric Binding Machine,8,661
GBC Plasticlear Binding Covers,8,662
Surelock Post Binders,8,663
Acco Suede Grain Vinyl Round Ring Binder,8,664
Wilson Jones Standard D-Ring Binders,8,665
GBC DocuBind 200 Manual Binding Machine,8,666
Zipper Ring Binder Pockets,8,667
Avery Hole Reinforcements,8,668
"Green Canvas Binder for 8-1/2"" x 14"" Sheets",8,669
"Wilson Jones Elliptical Ring 3 1/2"" Capacity Binders, 800 sheets",8,670
"Avery Trapezoid Ring Binder, 3"" Capacity, Black, 1040 sheets",8,671
Avery Hanging File Binders,8,672
GBC DocuBind TL300 Electric Binding System,8,673
Wilson Jones Turn Tabs Binder Tool for Ring Binders,8,674
Ibico Laser Imprintable Binding System Covers,8,675
Clear Mylar Reinforcing Strips,8,676
Catalog Binders with Expanding Posts,8,677
Avery Binder Labels,8,678
Acco D-Ring Binder w/DublLock,8,679
GBC DocuBind P50 Personal Binding Machine,8,680
Wilson Jones International Size A4 Ring Binders,8,681
Avery Heavy-Duty EZD  Binder With Locking Rings,8,682
"Acco Pressboard Covers with Storage Hooks, 14 7/8"" x 11"", Light Blue",8,683
Presstex Flexible Ring Binders,8,684
GBC Standard Plastic Binding Systems' Combs,8,685
"Avery Flip-Chart Easel Binder, Black",8,686
ACCOHIDE Binder by Acco,8,687
Wilson Jones Four-Pocket Poly Binders,8,688
GBC DocuBind P100 Manual Binding Machine,8,689
Avery Non-Stick Binders,8,690
GBC Twin Loop Wire Binding Elements,8,691
Pressboard Hanging Data Binders for Unburst Sheets,8,692
SpineVue Locking Slant-D Ring Binders by Cardinal,8,693
"Avery Triangle Shaped Sheet Lifters, Black, 2/Pack",8,694
Avery Self-Adhesive Photo Pockets for Polaroid Photos,8,695
Wilson Jones Leather-Like Binders with DublLock Round Rings,8,696
"SlimView Poly Binder, 3/8""",8,697
GBC VeloBinder Strips,8,698
"Acco PRESSTEX Data Binder with Storage Hooks, Light Blue, 9 1/2"" X 11""",8,699
GBC Recycled VeloBinder Covers,8,700
GBC Linen Binding Covers,8,701
"Performers Binder/Pad Holder, Black",8,702
Wilson Jones Century Plastic Molded Ring Binders,8,703
Heavy-Duty E-Z-D Binders,8,704
Angle-D Ring Binders,8,705
GBC ProClick 150 Presentation Binding System,8,706
GBC DocuBind P400 Electric Binding System,8,707
"Avery 3 1/2"" Diskette Storage Pages, 10/Pack",8,708
Avery Recycled Flexi-View Covers for Binding Systems,8,709
Acco Translucent Poly Ring Binders,8,710
"GBC Laser Imprintable Binding System Covers, Desert Sand",8,711
Pressboard Data Binders by Wilson Jones,8,712
Avery Durable Poly Binders,8,713
"GBC Pre-Punched Binding Paper, Plastic, White, 8-1/2"" x 11""",8,714
"C-Line Peel & Stick Add-On Filing Pockets, 8-3/4 x 5-1/8, 10/Pack",8,715
"Fellowes Twister Kit, Gray/Clear, 3/pkg",8,716
Avery Durable Slant Ring Binders,8,717
"Acco Pressboard Covers with Storage Hooks, 14 7/8"" x 11"", Executive Red",8,718
"Wilson Jones Ledger-Size, Piano-Hinge Binder, 2"", Blue",8,719
JM Magazine Binder,8,720
GBC Durable Plastic Covers,8,721
Storex Dura Pro Binders,8,722
Ibico Covers for Plastic or Wire Binding Elements,8,723
Cardinal EasyOpen D-Ring Binders,8,724
"Acco PRESSTEX Data Binder with Storage Hooks, Dark Blue, 9 1/2"" X 11""",8,725
Fellowes PB300 Plastic Comb Binding Machine,8,726
Tuff Stuff Recycled Round Ring Binders,8,727
Cardinal Holdit Business Card Pockets,8,728
Vinyl Sectional Post Binders,8,729
Newell 3-Hole Punched Plastic Slotted Magazine Holders for Binders,8,730
"Mead 1st Gear 2"" Zipper Binder, Asst. Colors",8,731
GBC Wire Binding Strips,8,732
"Pressboard Data Binder, Crimson, 12"" X 8 1/2""",8,733
Recycled Easel Ring Binders,8,734
"Wilson Jones 1"" Hanging DublLock Ring Binders",8,735
Wilson Jones data.warehouse D-Ring Binders with DublLock,8,736
Wilson Jones Custom Binder Spines & Labels,8,737
GBC DocuBind TL200 Manual Binding Machine,8,738
Ibico Presentation Index for Binding Systems,8,739
Lock-Up Easel 'Spel-Binder',8,740
GBC Ibimaster 500 Manual ProClick Binding System,8,741
Ibico Recycled Grain-Textured Covers,8,742
3M Organizer Strips,8,743
Avery Heavy-Duty EZD View Binder with Locking Rings,8,744
Wilson Jones DublLock D-Ring Binders,8,745
Premium Transparent Presentation Covers by GBC,8,746
Avery Poly Binder Pockets,8,747
"GBC Twin Loop Wire Binding Elements, 9/16"" Spine, Black",8,748
"Angle-D Binders with Locking Rings, Label Holders",8,749
Recycled Pressboard Report Cover with Reinforced Top Hinge,8,750
3-ring staple pack,8,751
Avery Non-Stick Heavy Duty View Round Locking Ring Binders,8,752
Satellite Sectional Post Binders,8,753
GBC ProClick Punch Binding System,8,754
Cardinal Holdit Data Disk Pockets,8,755
Fellowes PB500 Electric Punch Plastic Comb Binding Machine with Manual Bind,8,756
Wilson Jones Suede Grain Vinyl Binders,8,757
GBC Recycled Regency Composition Covers,8,758
Avery Metallic Poly Binders,8,759
DXL Angle-View Binders with Locking Rings by Samsill,8,760
"Acco Pressboard Covers with Storage Hooks, 9 1/2"" x 11"", Executive Red",8,761
XtraLife ClearVue Slant-D Ring Binders by Cardinal,8,762
"Premium Transparent Presentation Covers, No Pattern/Clear, 8 1/2"" x 11""",8,763
Avery Printable Repositionable Plastic Tabs,8,764
Ibico EB-19 Dual Function Manual Binding System,8,765
GBC VeloBind Cover Sets,8,766
Insertable Tab Indexes For Data Binders,8,767
Trimflex Flexible Post Binders,8,768
Wilson Jones Active Use Binders,8,769
"Acco PRESSTEX Data Binder with Storage Hooks, Dark Blue, 14 7/8"" X 11""",8,770
Fellowes Binding Cases,8,771
Fellowes Black Plastic Comb Bindings,8,772
GBC Plastic Binding Combs,8,773
Wilson Jones Legal Size Ring Binders,8,774
"Avery Framed View Binder, EZD Ring (Locking), Navy, 1 1/2""",8,775
"Acco Data Flex Cable Posts For Top & Bottom Load Binders, 6"" Capacity",8,776
"Wilson Jones Clip & Carry Folder Binder Tool for Ring Binders, Clear",8,777
Acco Hanging Data Binders,8,778
"Cardinal HOLDit! Binder Insert Strips,Extra Strips",8,779
Avery Reinforcements for Hole-Punch Pages,8,780
Avery Premier Heavy-Duty Binder with Round Locking Rings,8,781
GBC Premium Transparent Covers with Diagonal Lined Pattern,8,782
"GBC Velobind Prepunched Cover Sets, Regency Series",8,783
"Avery Durable Plastic 1"" Binders",8,784
Acco 3-Hole Punch,8,785
Peel & Stick Add-On Corner Pockets,8,786
"Cardinal Slant-D Ring Binder, Heavy Gauge Vinyl",8,787
Cardinal Hold-It CD Pocket,8,788
UniKeep View Case Binders,8,789
Acco Economy Flexible Poly Round Ring Binder,8,790
GBC Poly Designer Binding Covers,8,791
GBC Wire Binding Combs,8,792
"Square Ring Data Binders, Rigid 75 Pt. Covers, 11"" x 14-7/8""",8,793
Deluxe Heavy-Duty Vinyl Round Ring Binder,8,794
"Acco Pressboard Covers with Storage Hooks, 14 7/8"" x 11"", Dark Blue",8,795
Fellowes PB200 Plastic Comb Binding Machine,8,796
Economy Binders,8,797
"DXL Angle-View Binders with Locking Rings, Black",8,798
Cardinal Poly Pocket Divider Pockets for Ring Binders,8,799
Avery Round Ring Poly Binders,8,800
Avery Legal 4-Ring Binder,8,801
Avery Hidden Tab Dividers for Binding Systems,8,802
Accohide Poly Flexible Ring Binders,8,803
Round Ring Binders,8,804
Wilson Jones Easy Flow II Sheet Lifters,8,805
GBC Standard Therm-A-Bind Covers,8,806
GBC Recycled Grain Textured Covers,8,807
Recycled Premium Regency Composition Covers,8,808
Plastic Binding Combs,8,809
"Acco Four Pocket Poly Ring Binder with Label Holder, Smoke, 1""",8,810
"Black Avery Memo-Size 3-Ring Binder, 5 1/2"" x 8 1/2""",8,811
Prestige Round Ring Binders,8,812
Computer Printout Index Tabs,8,813
"GBC Standard Recycled Report Covers, Clear Plastic Sheets",8,814
"Pressboard Covers with Storage Hooks, 9 1/2"" x 11"", Light Blue",8,815
"Universal Recycled Hanging Pressboard Report Binders, Letter Size",8,816
GBC Therma-A-Bind 250T Electric Binding System,8,817
"GBC White Gloss Covers, Plain Front",8,818
"Avery Trapezoid Extra Heavy Duty 4"" Binders",8,819
Wilson Jones Heavy-Duty Casebound Ring Binders with Metal Hinges,8,820
Cardinal Slant-D Ring Binders,8,821
Self-Adhesive Ring Binder Labels,8,822
Ibico Ibimaster 300 Manual Binding System,8,823
Binder Posts,8,824
Acco Expandable Hanging Binders,8,825
"Acco Recycled 2"" Capacity Laser Printer Hanging Data Binders",8,826
Flexible Leather- Look Classic Collection Ring Binder,8,827
Wilson Jones 14 Line Acrylic Coated Pressboard Data Binders,8,828
Wilson Jones Impact Binders,8,829
Storex Flexible Poly Binders with Double Pockets,8,830
Ibico EPK-21 Electric Binding System,8,831
Storex DuraTech Recycled Plastic Frosted Binders,8,832
GBC Standard Plastic Binding Systems Combs,8,833
Fellowes Presentation Covers for Comb Binding Machines,8,834
Durable Pressboard Binders,8,835
Wilson Jones Hanging Recycled Pressboard Data Binders,8,836
Avery 518,9,837
Avery 506,9,838
"Dot Matrix Printer Tape Reel Labels, White, 5000/Box",9,839
Smead Alpha-Z Color-Coded Name Labels First Letter Starter Set,9,840
Avery 492,9,841
Avery 479,9,842
"Avery Address/Shipping Labels for Typewriters, 4"" x 2""",9,843
Avery 512,9,844
Avery 486,9,845
Avery 501,9,846
Avery 48,9,847
Avery File Folder Labels,9,848
Avery 480,9,849
Avery 494,9,850
Avery 474,9,851
Avery 499,9,852
Avery 484,9,853
Avery 476,9,854
Self-Adhesive Address Labels for Typewriters by Universal,9,855
Avery 513,9,856
"Avery 4027 File Folder Labels for Dot Matrix Printers, 5000 Labels per Box, White",9,857
Avery 508,9,858
"Permanent Self-Adhesive File Folder Labels for Typewriters, 1 1/8 x 3 1/2, White",9,859
Avery 49,9,860
Avery 514,9,861
Avery 482,9,862
Permanent Self-Adhesive File Folder Labels for Typewriters by Universal,9,863
Avery 473,9,864
Alphabetical Labels for Top Tab Filing,9,865
Avery 50,9,866
"Avery 05222 Permanent Self-Adhesive File Folder Labels for Typewriters, on Rolls, White, 250/Roll",9,867
Avery 478,9,868
Avery 507,9,869
Avery 510,9,870
Avery 505,9,871
Avery 496,9,872
Avery 481,9,873
Avery 52,9,874
Avery 485,9,875
Self-Adhesive Removable Labels,9,876
Avery 493,9,877
Avery 516,9,878
Staple-on labels,9,879
Avery 517,9,880
Avery 497,9,881
Avery 488,9,882
Smead Alpha-Z Color-Coded Second Alphabetical Labels and Starter Set,9,883
Avery 495,9,884
Avery 475,9,885
Avery 500,9,886
Avery 498,9,887
Avery 477,9,888
Avery 489,9,889
Avery 503,9,890
Avery 511,9,891
Avery White Multi-Purpose Labels,9,892
Avery 51,9,893
Round Specialty Laser Printer Labels,9,894
Avery 490,9,895
Avery 509,9,896
Avery 483,9,897
Avery 519,9,898
Avery 487,9,899
Avery 520,9,900
Avery 502,9,901
Avery 491,9,902
Avery 515,9,903
Self-Adhesive Address Labels for Typewriters with Dispenser Box,9,904
Color-Coded Legal Exhibit Labels,9,905
Avery 5,9,906
Weyerhaeuser First Choice Laser/Copy Paper (20Lb. and 88 Bright),10,907
Easy-staple paper,10,908
"Speediset Carbonless Redi-Letter 7"" x 8 1/2""",10,909
Southworth 25% Cotton Granite Paper & Envelopes,10,910
Xerox 1987,10,911
"Adams Phone Message Book, 200 Message Capacity, 8 1/16” x 11”",10,912
Multicolor Computer Printout Paper,10,913
"Adams ""While You Were Out"" Message Pads",10,914
Xerox 1933,10,915
Xerox 1963,10,916
Xerox 198,10,917
Xerox 1909,10,918
Xerox 1902,10,919
Xerox 210,10,920
Xerox 1889,10,921
Computer Printout Paper with Letter-Trim Perforations,10,922
Xerox 21,10,923
Xerox 1951,10,924
14-7/8 x 11 Blue Bar Computer Printout Paper,10,925
Xerox 206,10,926
Xerox 1974,10,927
Xerox 1988,10,928
Xerox 224,10,929
Xerox 1941,10,930
Xerox 229,10,931
Xerox 1898,10,932
Astroparche Fine Business Paper,10,933
Xerox 1944,10,934
Xerox 1915,10,935
Xerox 195,10,936
"Telephone Message Books with Fax/Mobile Section, 5 1/2"" x 3 3/16""",10,937
Xerox 1921,10,938
Things To Do Today Pad,10,939
Xerox 23,10,940
Embossed Ink Jet Note Cards,10,941
"Eaton Premium Continuous-Feed Paper, 25% Cotton, Letter Size, White, 1000 Shts/Box",10,942
Xerox 220,10,943
"REDIFORM Incoming/Outgoing Call Register, 11"" X 8 1/2"", 100 Messages",10,944
Xerox 1887,10,945
Xerox 208,10,946
Tops Wirebound Message Log Books,10,947
Xerox 194,10,948
Xerox 217,10,949
Xerox 213,10,950
Great White Multi-Use Recycled Paper (20Lb. and 84 Bright),10,951
"IBM Multi-Purpose Copy Paper, 8 1/2 x 11"", Case",10,952
"Ampad Evidence Wirebond Steno Books, 6"" x 9""",10,953
Xerox 1968,10,954
"Snap-A-Way Black Print Carbonless Speed Message, No Reply Area, Duplicate",10,955
Xerox 2000,10,956
Xerox 227,10,957
Xerox 1923,10,958
"Adams Telephone Message Books, 5 1/4” x 11”",10,959
Xerox 221,10,960
Xerox 211,10,961
Xerox 1957,10,962
Xerox 1955,10,963
Xerox 1967,10,964
Xerox 1882,10,965
Southworth 25% Cotton Linen-Finish Paper & Envelopes,10,966
Xerox 1910,10,967
Xerox 1938,10,968
Avoid Verbal Orders Carbonless Minifold Book,10,969
Strathmore Photo Mount Cards,10,970
Xerox 1913,10,971
Xerox 1884,10,972
Xerox 1991,10,973
Xerox 1937,10,974
Things To Do Today Spiral Book,10,975
Xerox 1883,10,976
Xerox 1989,10,977
Petty Cash Envelope,10,978
White GlueTop Scratch Pads,10,979
Xerox 1945,10,980
Xerox 199,10,981
"Rediform Wirebound ""Phone Memo"" Message Book, 11 x 5-3/4",10,982
Xerox 1936,10,983
Xerox 1924,10,984
"TOPS ""Important Message"" Pads, Canary, 4-1/4 x 5-1/2, 50 Sheets per Pad",10,985
"Snap-A-Way Black Print Carbonless Ruled Speed Letter, Triplicate",10,986
"Wirebound Message Books, Four 2 3/4"" x 5"" Forms per Page, 600 Sets per Book",10,987
Xerox 1919,10,988
Xerox 214,10,989
Xerox 232,10,990
"Ampad Poly Cover Wirebound Steno Book, 6"" x 9"" Assorted Colors, Gregg Ruled",10,991
Southworth Structures Collection,10,992
Xerox 230,10,993
"Ampad Gold Fibre Wirebound Steno Books, 6"" x 9"", Gregg Ruled",10,994
"Eureka Recycled Copy Paper 8 1/2"" x 11"", Ream",10,995
Xerox 1999,10,996
Xerox 1920,10,997
Xerox 192,10,998
"Black Print Carbonless Snap-Off Rapid Letter, 8 1/2"" x 7""",10,999
Xerox 1911,10,1000
Riverleaf Stik-Withit Designer Note Cubes,10,1001
"""While you Were Out"" Message Book, One Form per Page",10,1002
Xerox 1965,10,1003
Advantus Motivational Note Cards,10,1004
"Southworth 100% Résumé Paper, 24lb.",10,1005
Xerox 1971,10,1006
Xerox 1931,10,1007
Xerox 1996,10,1008
Xerox 1949,10,1009
Xerox 200,10,1010
Xerox 1893,10,1011
Xerox 204,10,1012
Xerox 1983,10,1013
"Ampad Phone Message Book, Recycled, 400 Message Capacity, 5 ¾” x 11”",10,1014
Southworth Parchment Paper & Envelopes,10,1015
Xerox 193,10,1016
HP Office Paper (20Lb. and 87 Bright),10,1017
Xerox 218,10,1018
Xerox 222,10,1019
Xerox 209,10,1020
Xerox 231,10,1021
Xerox 1935,10,1022
"Wirebound Service Call Books, 5 1/2"" x 4""",10,1023
Xerox 1907,10,1024
"Post-it “Important Message” Note Pad, Neon Colors, 50 Sheets/Pad",10,1025
Xerox 1997,10,1026
Xerox 1917,10,1027
"Array Parchment Paper, Assorted Colors",10,1028
Xerox 4200 Series MultiUse Premium Copy Paper (20Lb. and 84 Bright),10,1029
Xerox 1962,10,1030
Xerox 1890,10,1031
Tops White Computer Printout Paper,10,1032
Xerox 1948,10,1033
Hammermill CopyPlus Copy Paper (20Lb. and 84 Bright),10,1034
"Wirebound Message Book, 4 per Page",10,1035
Xerox 201,10,1036
Xerox 202,10,1037
White Computer Printout Paper by Universal,10,1038
Xerox 1943,10,1039
Xerox 219,10,1040
Xerox 1990,10,1041
Xerox 226,10,1042
Xerox 1995,10,1043
EcoTones Memo Sheets,10,1044
Xerox 1964,10,1045
Xerox 1906,10,1046
Xerox 1958,10,1047
Xerox 1886,10,1048
Xerox 1929,10,1049
Xerox 191,10,1050
Xerox 1914,10,1051
Xerox 1994,10,1052
"Ink Jet Note and Greeting Cards, 8-1/2"" x 5-1/2"" Card Size",10,1053
Xerox 1993,10,1054
Xerox 225,10,1055
Xerox 1977,10,1056
Tops Green Bar Computer Printout Paper,10,1057
Xerox 216,10,1058
Xerox 223,10,1059
Spiral Phone Message Books with Labels by Adams,10,1060
"Rediform S.O.S. 1-Up Phone Message Bk, 4-1/4x3-1/16 Bk, 1 Form/Pg, 40 Messages/Bk, 3/Pk",10,1061
Personal Creations Ink Jet Cards and Labels,10,1062
Xerox 1959,10,1063
Xerox 1905,10,1064
Xerox 196,10,1065
Xerox 1895,10,1066
Xerox 1942,10,1067
"Adams Telephone Message Book W/Dividers/Space For Phone Numbers, 5 1/4""X8 1/2"", 300/Messages",10,1068
Xerox 1892,10,1069
Xerox 1930,10,1070
Xerox 19,10,1071
"Wirebound Message Books, 2 7/8"" x 5"", 3 Forms per Page",10,1072
Array Memo Cubes,10,1073
Xerox 1925,10,1074
Xerox 1979,10,1075
Rediform Voice Mail Log Books,10,1076
Xerox 1947,10,1077
"TOPS Money Receipt Book, Consecutively Numbered in Red,",10,1078
Xerox 1928,10,1079
Xerox 228,10,1080
Xerox 203,10,1081
"Wirebound Message Books, Four 2 3/4 x 5 White Forms per Page",10,1082
Hammermill Color Copier Paper (28Lb. and 96 Bright),10,1083
Xerox Blank Computer Paper,10,1084
Xerox 1899,10,1085
"Recycled Desk Saver Line ""While You Were Out"" Book, 5 1/2"" X 4""",10,1086
Xerox 1912,10,1087
Xerox 1927,10,1088
"Message Book, Standard Line ""While You Were Out"", 5 1/2"" X 4"", 200 Sets/Book",10,1089
HP Office Recycled Paper (20Lb. and 87 Bright),10,1090
Xerox 1940,10,1091
Xerox 1986,10,1092
Universal Premium White Copier/Laser Paper (20Lb. and 87 Bright),10,1093
Xerox 1903,10,1094
Xerox 1953,10,1095
"Wirebound Four 2-3/4 x 5 Forms per Page, 400 Sets per Book",10,1096
Strathmore Photo Frame Cards,10,1097
Xerox 1981,10,1098
Xerox 1891,10,1099
Xerox 1894,10,1100
"Wirebound Message Books, Two 4 1/4"" x 5"" Forms per Page",10,1101
Xerox 1880,10,1102
"Adams Telephone Message Book w/Frequently-Called Numbers Space, 400 Messages per Book",10,1103
Green Bar Computer Printout Paper,10,1104
Xerox 1975,10,1105
Southworth 25% Cotton Antique Laid Paper & Envelopes,10,1106
Southworth 25% Cotton Premium Laser Paper and Envelopes,10,1107
"Message Book, Wirebound, Four 5 1/2"" X 4"" Forms/Pg., 200 Dupl. Sets/Book",10,1108
Xerox 1973,10,1109
Xerox 1934,10,1110
Xerox 1960,10,1111
Xerox 189,10,1112
Xerox 1897,10,1113
"Important Message Pads, 50 4-1/4 x 5-1/2 Forms per Pad",10,1114
"Wirebound Message Forms, Four 2 3/4 x 5 Forms per Page, Pink Paper",10,1115
Xerox 1900,10,1116
Rediform S.O.S. Phone Message Books,10,1117
Xerox 1972,10,1118
"It's Hot Message Books with Stickers, 2 3/4"" x 5""",10,1119
Xerox 1946,10,1120
Xerox 1982,10,1121
Unpadded Memo Slips,10,1122
Xerox 1970,10,1123
"Wirebound Message Books, 5-1/2 x 4 Forms, 2 or 4 Forms per Page",10,1124
"Xerox Color Copier Paper, 11"" x 17"", Ream",10,1125
"Message Book, Phone, Wirebound Standard Line Memo, 2 3/4"" X 5""",10,1126
"While You Were Out Pads, 50 per Pad, 4 x 5 1/4, Green Cycle",10,1127
Xerox 1984,10,1128
Xerox 1896,10,1129
"Wirebound Message Books, Four 2 3/4 x 5 Forms per Page, 200 Sets per Book",10,1130
Xerox 1978,10,1131
Xerox 1939,10,1132
Xerox 212,10,1133
Xerox 190,10,1134
"Universal Ultra Bright White Copier/Laser Paper, 8 1/2"" x 11"", Ream",10,1135
Xerox 1976,10,1136
Xerox 1954,10,1137
Xerox 1922,10,1138
"Black Print Carbonless 8 1/2"" x 8 1/4"" Rapid Memo Book",10,1139
"TOPS 4 x 6 Fluorescent Color Memo Sheets, 500 Sheets per Pack",10,1140
Avery Personal Creations Heavyweight Cards,10,1141
"Geographics Note Cards, Blank, White, 8 1/2"" x 11""",10,1142
Xerox 215,10,1143
Xerox 1885,10,1144
Xerox 20,10,1145
Xerox 1985,10,1146
Xerox 188,10,1147
"Memo Book, 100 Message Capacity, 5 3/8” x 11”",10,1148
Xerox 207,10,1149
Southworth 100% Cotton The Best Paper,10,1150
Xerox 197,10,1151
Xerox 1998,10,1152
Xerox 205,10,1153
Xerox 1901,10,1154
"TOPS Voice Message Log Book, Flash Format",10,1155
Wirebound Voice Message Log Book,10,1156
Xerox 1950,10,1157
"Adams Write n' Stick Phone Message Book, 11"" X 5 1/4"", 200 Messages",10,1158
Xerox 1956,10,1159
"1/4 Fold Party Design Invitations & White Envelopes, 24 8-1/2"" X 11"" Cards, 25 Env./Pack",10,1160
Loose Memo Sheets,10,1161
Computer Printout Paper with Letter-Trim Fine Perforations,10,1162
Xerox 1926,10,1163
Xerox 1918,10,1164
Xerox 1980,10,1165
"Telephone Message Books with Fax/Mobile Section, 4 1/4"" x 6""",10,1166
Xerox 1969,10,1167
Advantus Plastic Paper Clips,11,1168
"Alliance Super-Size Bands, Assorted Sizes",11,1169
"OIC Colored Binder Clips, Assorted Sizes",11,1170
"Acco Clips to Go Binder Clips, 24 Clips in Two Sizes",11,1171
"Acco Banker's Clasps, 5 3/4""-Long",11,1172
Staples,11,1173
"OIC Binder Clips, Mini, 1/4"" Capacity, Black",11,1174
OIC Bulk Pack Metal Binder Clips,11,1175
OIC Binder Clips,11,1176
"Vinyl Coated Wire Paper Clips in Organizer Box, 800/Box",11,1177
Assorted Color Push Pins,11,1178
Advantus Map Pennant Flags and Round Head Tacks,11,1179
Revere Boxed Rubber Bands by Revere,11,1180
Colored Push Pins,11,1181
Stockwell Push Pins,11,1182
"Advantus Push Pins, Aluminum Head",11,1183
"Brites Rubber Bands, 1 1/2 oz. Box",11,1184
Advantus T-Pin Paper Clips,11,1185
"Alliance Big Bands Rubber Bands, 12/Pack",11,1186
Ideal Clamps,11,1187
Binder Clips by OIC,11,1188
Advantus SlideClip Paper Clips,11,1189
Advantus Push Pins,11,1190
"Super Bands, 12/Pack",11,1191
Plymouth Boxed Rubber Bands by Plymouth,11,1192
Rubber Band Ball,11,1193
Alliance Rubber Bands,11,1194
OIC Thumb-Tacks,11,1195
Acco Glide Clips,11,1196
Bagged Rubber Bands,11,1197
Sterling Rubber Bands by Alliance,11,1198
Acco Hot Clips Clips to Go,11,1199
Stockwell Gold Paper Clips,11,1200
Translucent Push Pins by OIC,11,1201
Economy #2 Pencils,12,1202
Boston 16750 Black Compact Battery Pencil Sharpener,12,1203
Boston 1730 StandUp Electric Pencil Sharpener,12,1204
Rogers Handheld Barrel Pencil Sharpener,12,1205
Newell 322,12,1206
Newell 350,12,1207
"OIC #2 Pencils, Medium Soft",12,1208
Panasonic KP-350BK Electric Pencil Sharpener with Auto Stop,12,1209
Hunt Boston Vacuum Mount KS Pencil Sharpener,12,1210
"Quartet Omega Colored Chalk, 12/Pack",12,1211
"Premium Writing Pencils, Soft, #2 by Central Association for the Blind",12,1212
Nontoxic Chalk,12,1213
Boston 16801 Nautilus Battery Pencil Sharpener,12,1214
Panasonic KP-380BK Classic Electric Pencil Sharpener,12,1215
Prang Dustless Chalk Sticks,12,1216
"Binney & Smith inkTank Erasable Desk Highlighter, Chisel Tip, Yellow, 12/Box",12,1217
Newell 344,12,1218
Bulldog Vacuum Base Pencil Sharpener,12,1219
"Dixon Prang Watercolor Pencils, 10-Color Set with Brush",12,1220
Avery Hi-Liter Smear-Safe Highlighters,12,1221
Newell 337,12,1222
Avery Fluorescent Highlighter Four-Color Set,12,1223
Newell 345,12,1224
Dixon Ticonderoga Pencils,12,1225
Stanley Bostitch Contemporary Electric Pencil Sharpeners,12,1226
Prang Drawing Pencil Set,12,1227
50 Colored Long Pencils,12,1228
"Hunt PowerHouse Electric Pencil Sharpener, Blue",12,1229
Sanford Liquid Accent Highlighters,12,1230
Staples in misc. colors,12,1231
Newell 33,12,1232
Newell 317,12,1233
Crayola Colored Pencils,12,1234
"BIC Brite Liner Highlighters, Chisel Tip",12,1235
DIXON Oriole Pencils,12,1236
Boston 1645 Deluxe Heavier-Duty Electric Pencil Sharpener,12,1237
Newell Chalk Holder,12,1238
Newell 320,12,1239
Zebra Zazzle Fluorescent Highlighters,12,1240
Newell 310,12,1241
"Avery Hi-Liter EverBold Pen Style Fluorescent Highlighters, 4/Pack",12,1242
Newell 349,12,1243
Newell 336,12,1244
4009 Highlighters by Sanford,12,1245
Pencil and Crayon Sharpener,12,1246
Newell 321,12,1247
Deluxe Chalkboard Eraser Cleaner,12,1248
Newell 312,12,1249
Newell 347,12,1250
Sanford 52201 APSCO Electric Pencil Sharpener,12,1251
Newell 309,12,1252
Newell 319,12,1253
Fluorescent Highlighters by Dixon,12,1254
Newell 324,12,1255
Newell 333,12,1256
Boston 1799 Powerhouse Electric Pencil Sharpener,12,1257
American Pencil,12,1258
Newell 318,12,1259
Faber Castell Col-Erase Pencils,12,1260
Dixon Ticonderoga Core-Lock Colored Pencils,12,1261
Avery Hi-Liter Pen Style Six-Color Fluorescent Set,12,1262
Berol Giant Pencil Sharpener,12,1263
Newell 35,12,1264
SANFORD Liquid Accent Tank-Style Highlighters,12,1265
Newell 314,12,1266
"Boston Model 1800 Electric Pencil Sharpener, Gray",12,1267
Newell 325,12,1268
Newell 343,12,1269
Prismacolor Color Pencil Set,12,1270
Model L Table or Wall-Mount Pencil Sharpener,12,1271
"Binney & Smith inkTank Desk Highlighter, Chisel Tip, Yellow, 12/Box",12,1272
Newell 31,12,1273
Newell 331,12,1274
Newell 316,12,1275
Newell 311,12,1276
"Eberhard Faber 3 1/2"" Golf Pencils",12,1277
"Boston Electric Pencil Sharpener, Model 1818, Charcoal Black",12,1278
Panasonic KP-4ABK Battery-Operated Pencil Sharpener,12,1279
Stanley Contemporary Battery Pencil Sharpeners,12,1280
SANFORD Major Accent Highlighters,12,1281
Newell 341,12,1282
"Binney & Smith Crayola Metallic Colored Pencils, 8-Color Set",12,1283
Newell 315,12,1284
"Sanford Colorific Scented Colored Pencils, 12/Pack",12,1285
"Stride Job 150 Highlighters, Chisel Tip, Assorted Colors",12,1286
Barrel Sharpener,12,1287
"BIC Brite Liner Grip Highlighters, Assorted, 5/Pack",12,1288
"Boston School Pro Electric Pencil Sharpener, 1670",12,1289
Boston KS Multi-Size Manual Pencil Sharpener,12,1290
Panasonic KP-150 Electric Pencil Sharpener,12,1291
Newell 327,12,1292
Newell 351,12,1293
"Eldon Spacemaker Box, Quick-Snap Lid, Clear",12,1294
DIXON Ticonderoga Erasable Checking Pencils,12,1295
Turquoise Lead Holder with Pocket Clip,12,1296
Boston Home & Office Model 2000 Electric Pencil Sharpeners,12,1297
Newell 307,12,1298
Prang Colored Pencils,12,1299
Newell 328,12,1300
Newell 338,12,1301
Boston 16765 Mini Stand Up Battery Pencil Sharpener,12,1302
Newell 32,12,1303
Newell 34,12,1304
Manco Dry-Lighter Erasable Highlighter,12,1305
Newell 334,12,1306
"Sanford Colorific Eraseable Coloring Pencils, 12 Count",12,1307
Blackstonian Pencils,12,1308
Newell 346,12,1309
BIC Liqua Brite Liner,12,1310
"Binney & Smith Crayola Metallic Crayons, 16-Color Pack",12,1311
Newell 326,12,1312
Panasonic KP-310 Heavy-Duty Electric Pencil Sharpener,12,1313
"Crayola Anti Dust Chalk, 12/Pack",12,1314
Boston 19500 Mighty Mite Electric Pencil Sharpener,12,1315
BIC Brite Liner Highlighters,12,1316
Newell 339,12,1317
Newell 332,12,1318
Peel-Off China Markers,12,1319
Newell 335,12,1320
Newell 308,12,1321
Boston Heavy-Duty Trimline Electric Pencil Sharpeners,12,1322
"Dixon Ticonderoga Erasable Colored Pencil Set, 12-Color",12,1323
"BOSTON Ranger #55 Pencil Sharpener, Black",12,1324
"Dixon My First Ticonderoga Pencil, #2",12,1325
Newell 330,12,1326
Avery Hi-Liter Fluorescent Desk Style Markers,12,1327
Newell 323,12,1328
12 Colored Short Pencils,12,1329
Newell 348,12,1330
"BOSTON Model 1800 Electric Pencil Sharpeners, Putty/Woodgrain",12,1331
Bulldog Table or Wall-Mount Pencil Sharpener,12,1332
"Sanford EarthWrite Recycled Pencils, Medium Soft, #2",12,1333
Col-Erase Pencils with Erasers,12,1334
"Boston 1827 Commercial Additional Cutter, Drive Gear & Gear Rack for 1606",12,1335
"Dixon Ticonderoga Maple Cedar Pencil, #2",12,1336
Newell 329,12,1337
"Hunt BOSTON Model 1606 High-Volume Electric Pencil Sharpener, Beige",12,1338
Lumber Crayons,12,1339
"Hunt BOSTON Vista Battery-Operated Pencil Sharpener, Black",12,1340
Newell 313,12,1341
Boston 16701 Slimline Battery Pencil Sharpener,12,1342
Design Ebony Sketching Pencil,12,1343
"Dixon Ticonderoga Core-Lock Colored Pencils, 48-Color Set",12,1344
"Avery Hi-Liter GlideStik Fluorescent Highlighter, Yellow Ink",12,1345
Colorific Watercolor Pencils,12,1346
BIC Brite Liner Grip Highlighters,12,1347
Boston 1900 Electric Pencil Sharpener,12,1348
"Quartet Alpha White Chalk, 12/Pack",12,1349
"Sanford Prismacolor Professional Thick Lead Art Pencils, 36-Color Set",12,1350
"Sanford Uni-Blazer View Highlighters, Chisel Tip, Yellow",12,1351
"Binney & Smith inkTank Erasable Pocket Highlighter, Chisel Tip, Yellow",12,1352
Newell 340,12,1353
Sanford Pocket Accent Highlighters,12,1354
Newell 342,12,1355
"Acme 10"" Easy Grip Assistive Scissors",13,1356
Martin-Yale Premier Letter Opener,13,1357
Acme Titanium Bonded Scissors,13,1358
"Fiskars 8"" Scissors, 2/Pack",13,1359
Premier Automatic Letter Opener,13,1360
Acco Side-Punched Conventional Columnar Pads,13,1361
Kleencut Forged Office Shears by Acme United Corporation,13,1362
Acme Softgrip Scissors,13,1363
Staple remover,13,1364
Acme Serrated Blade Letter Opener,13,1365
Acme Kleen Earth Office Shears,13,1366
Premier Electric Letter Opener,13,1367
Acme Forged Steel Scissors with Black Enamel Handles,13,1368
Martin Yale Chadless Opener Electric Letter Opener,13,1369
Acme Design Stainless Steel Bent Scissors,13,1370
"Acme Hot Forged Carbon Steel Scissors with Nickel-Plated Handles, 3 7/8"" Cut, 8""L",13,1371
Acme Stainless Steel Office Snips,13,1372
Compact Automatic Electric Letter Opener,13,1373
Letter Slitter,13,1374
Acme Preferred Stainless Steel Scissors,13,1375
"Elite 5"" Scissors",13,1376
Serrated Blade or Curved Handle Hand Letter Openers,13,1377
Fiskars Home & Office Scissors,13,1378
Acme Box Cutter Scissors,13,1379
Acme Tagit Stainless Steel Antibacterial Scissors,13,1380
Acme Galleria Hot Forged Steel Scissors with Colored Handles,13,1381
High Speed Automatic Electric Letter Opener,13,1382
Acme Value Line Scissors,13,1383
Acme Office Executive Series Stainless Steel Trimmers,13,1384
Acme Kleencut Forged Steel Scissors,13,1385
Fiskars Softgrip Scissors,13,1386
"Acme Design Line 8"" Stainless Steel Bent Scissors w/Champagne Handles, 3-1/8"" Cut",13,1387
Acme Rosewood Handle Letter Opener,13,1388
Fiskars Spring-Action Scissors,13,1389
Acme Elite Stainless Steel Scissors,13,1390
Stiletto Hand Letter Openers,13,1391
Vtech CS6719,14,1392
GE 30524EE4,14,1393
Wireless Extenders zBoost YX545 SOHO Signal Booster,14,1394
"Logitech B530 USB Headset - headset - Full size, Binaural",14,1395
Panasonic KX-TG9471B,14,1396
I Need's 3d Hello Kitty Hybrid Silicone Case Cover for HTC One X 4g with 3d Hello Kitty Stylus Pen Green/pink,14,1397
Google Nexus 5,14,1398
Mediabridge Sport Armband iPhone 5s,14,1399
Jabra SPEAK 410,14,1400
Pyle PMP37LED,14,1401
Clarity 53712,14,1402
LG G3,14,1403
Samsung Galaxy S III - 16GB - pebble blue (T-Mobile),14,1404
Geemarc AmpliPOWER60,14,1405
Wi-Ex zBoost YX540 Cellular Phone Signal Booster,14,1406
AT&T 1070 Corded Phone,14,1407
AT&T 17929 Lendline Telephone,14,1408
VTech DS6151,14,1409
OtterBox Defender Series Case - Samsung Galaxy S4,14,1410
Polycom SoundPoint IP 450 VoIP phone,14,1411
Wilson SignalBoost 841262 DB PRO Amplifier Kit,14,1412
Jabra SPEAK 410 Multidevice Speakerphone,14,1413
"LF Elite 3D Dazzle Designer Hard Case Cover, Lf Stylus Pen and Wiper For Apple Iphone 5c Mini Lite",14,1414
PureGear Roll-On Screen Protector,14,1415
Motorola HK250 Universal Bluetooth Headset,14,1416
Motorola L703CM,14,1417
AT&T 1080 Corded phone,14,1418
Cisco SPA301,14,1419
"SKILCRAFT Telephone Shoulder Rest, 2"" x 6.5"" x 2.5"", Black",14,1420
Cisco 8x8 Inc. 6753i IP Business Phone System,14,1421
Samsung Rugby III,14,1422
Innergie mMini Combo Duo USB Travel Charging Kit,14,1423
HTC One Mini,14,1424
Samsung Galaxy Mega 6.3,14,1425
Avaya 4621SW VoIP phone,14,1426
Grandstream GXP2100 Mainstream Business Phone,14,1427
Speck Products Candyshell Flip Case,14,1428
Samsung Galaxy S4 Mini,14,1429
Samsung HM1900 Bluetooth Headset,14,1430
PayAnywhere Card Reader,14,1431
Nortel Networks T7316 E Nt8 B27,14,1432
Toshiba IPT2010-SD IP Telephone,14,1433
Cisco IP Phone 7961G VoIP phone - Dark gray,14,1434
Plantronics Encore H101 Dual Earpieces Headset,14,1435
Cisco Small Business SPA 502G VoIP phone,14,1436
Sannysis Cute Owl Design Soft Skin Case Cover for Samsung Galaxy S4,14,1437
Samsung Replacement EH64AVFWE Premium Headset,14,1438
"BlueLounge Milo Smartphone Stand, White/Metallic",14,1439
Anker 36W 4-Port USB Wall Charger Travel Power Adapter for iPhone 5s 5c 5,14,1440
Panasonic KX-TG6844B Expandable Digital Cordless Telephone,14,1441
Apple EarPods with Remote and Mic,14,1442
Motorola Moto X,14,1443
Motorola L804,14,1444
Polycom VoiceStation 500 Conference phone,14,1445
Jabra Supreme Plus Driver Edition Headset,14,1446
Avaya 5410 Digital phone,14,1447
GE 30522EE2,14,1448
Anker Astro 15000mAh USB Portable Charger,14,1449
Samsung Galaxy S4 Active,14,1450
"Ativa D5772 2-Line 5.8GHz Digital Expandable Corded/Cordless Phone System with Answering & Caller ID/Call Waiting, Black/Silver",14,1451
AT&T CL82213,14,1452
Konftel 250 Conference phone - Charcoal black,14,1453
BlackBerry Q10,14,1454
Panasonic KX - TS880B Telephone,14,1455
Macally Suction Cup Mount,14,1456
Aastra 57i VoIP phone,14,1457
ARKON Windshield Dashboard Air Vent Car Mount Holder,14,1458
iHome FM Clock Radio with Lightning Dock,14,1459
HTC One,14,1460
iOttie XL Car Mount,14,1461
Apple iPhone 5C,14,1462
Avaya IP Phone 1140E VoIP phone,14,1463
Anker Astro Mini 3000mAh Ultra-Compact Portable Charger,14,1464
AT&T TR1909W,14,1465
Grandstream GXP1160 VoIP phone,14,1466
Motorla HX550 Universal Bluetooth Headset,14,1467
Nokia Lumia 521 (T-Mobile),14,1468
KLD Oscar II Style Snap-on Ultra Thin Side Flip Synthetic Leather Cover Case for HTC One HTC M7,14,1469
AT&T CL83451 4-Handset Telephone,14,1470
Nokia Lumia 925,14,1471
Mophie Juice Pack Helium for iPhone,14,1472
Plantronics Cordless Phone Headset with In-line Volume - M214C,14,1473
QVS USB Car Charger 2-Port 2.1Amp for iPod/iPhone/iPad/iPad 2/iPad 3,14,1474
Motorola Droid Maxx,14,1475
RCA Visys Integrated PBX 8-Line Router,14,1476
Cyber Acoustics AC-202b Speech Recognition Stereo Headset,14,1477
Samsung Galaxy Note 3,14,1478
Adtran 1202752G1,14,1479
Mitel 5320 IP Phone VoIP phone,14,1480
Panasonic Kx-TS550,14,1481
Cisco SPA525G2 IP Phone - Wireless,14,1482
GE DSL Phone Line Filter,14,1483
OtterBox Defender Series Case - iPhone 5c,14,1484
Cisco IP Phone 7961G-GE VoIP phone,14,1485
"iKross Bluetooth Portable Keyboard + Cell Phone Stand Holder + Brush for Apple iPhone 5S 5C 5, 4S 4",14,1486
PowerGen Dual USB Car Charger,14,1487
netTALK DUO VoIP Telephone Service,14,1488
ShoreTel ShorePhone IP 230 VoIP phone,14,1489
"Square Credit Card Reader, 4 1/2"" x 4 1/2"" x 1"", White",14,1490
Panasonic KX TS3282B Corded phone,14,1491
Ooma Telo VoIP Home Phone System,14,1492
Polycom SoundPoint Pro SE-225 Corded phone,14,1493
Seidio BD2-HK3IPH5-BK DILEX Case and Holster Combo for Apple iPhone 5/5s - Black,14,1494
Jensen SMPS-640 - speaker phone,14,1495
AT&T 1080 Phone,14,1496
Nortel Business Series Terminal T7208 Digital phone,14,1497
Griffin GC17055 Auxiliary Audio Cable,14,1498
Cisco SPA 502G IP Phone,14,1499
Apple iPhone 5,14,1500
Wilson Electronics DB Pro Signal Booster,14,1501
Panasonic KX TS3282W Corded phone,14,1502
Panasonic KX T7736-B Digital phone,14,1503
Logitech Mobile Speakerphone P710e - speaker phone,14,1504
Shocksock Galaxy S4 Armband,14,1505
Polycom CX600 IP Phone VoIP phone,14,1506
invisibleSHIELD by ZAGG Smudge-Free Screen Protector,14,1507
Square Credit Card Reader,14,1508
OtterBox Commuter Series Case - Samsung Galaxy S4,14,1509
AT&T 841000 Phone,14,1510
Cisco SPA 501G IP Phone,14,1511
Plantronics HL10 Handset Lifter,14,1512
Panasonic KX-TG9541B DECT 6.0 Digital 2-Line Expandable Cordless Phone With Digital Answering System,14,1513
Polycom CX300 Desktop Phone USB VoIP phone,14,1514
Jackery Bar Premium Fast-charging Portable Charger,14,1515
Jawbone MINI JAMBOX Wireless Bluetooth Speaker,14,1516
i.Sound Portable Power - 8000 mAh,14,1517
Digium D40 VoIP phone,14,1518
Cush Cases Heavy Duty Rugged Cover Case for Samsung Galaxy S5 - Purple,14,1519
Nortel Meridian M3904 Professional Digital phone,14,1520
Griffin GC36547 PowerJolt SE Lightning Charger,14,1521
Panasonic KX TS208W Corded phone,14,1522
iOttie HLCRIO102 Car Mount,14,1523
Mitel MiVoice 5330e IP Phone,14,1524
Blue Parrot B250XT Professional Grade Wireless Bluetooth Headset with,14,1525
Polycom SoundStation2 EX Conference phone,14,1526
RCA ViSYS 25825 Wireless digital phone,14,1527
Belkin iPhone and iPad Lightning Cable,14,1528
"Plantronics CS 50-USB - headset - Convertible, Monaural",14,1529
JBL Micro Wireless Portable Bluetooth Speaker,14,1530
"SmartStand Mobile Device Holder, Assorted Colors",14,1531
Cisco SPA508G,14,1532
Gear Head AU3700S Headset,14,1533
Clearsounds A400,14,1534
Bose SoundLink Bluetooth Speaker,14,1535
Anker 24W Portable Micro USB Car Charger,14,1536
Polycom VVX 310 VoIP phone,14,1537
Samsung Galaxy S4,14,1538
Pyle PRT45 Retro Home Telephone,14,1539
ClearSounds CSC500 Amplified Spirit Phone Corded phone,14,1540
Jabra BIZ 2300 Duo QD Duo Corded Headset,14,1541
LG Electronics Tone+ HBS-730 Bluetooth Headset,14,1542
Plantronics MX500i Earset,14,1543
Plantronics Voyager Pro HD - Bluetooth Headset,14,1544
Plantronics 81402,14,1545
AT&T SB67148 SynJ,14,1546
RCA ViSYS 25423RE1 Corded phone,14,1547
Lunatik TT5L-002 Taktik Strike Impact Protection System for iPhone 5,14,1548
Apple iPhone 5S,14,1549
Dexim XPower Skin Super-Thin Power Case for iPhone 5 - Black,14,1550
Xblue XB-1670-86 X16 Small Office Telephone - Titanium,14,1551
Belkin Grip Candy Sheer Case / Cover for iPhone 5 and 5S,14,1552
Spigen Samsung Galaxy S5 Case Wallet,14,1553
Classic Ivory Antique Telephone ZL1810,14,1554
Cisco SPA112 2 Port Phone Adapter,14,1555
ClearOne Communications CHAT 70 OC Speaker Phone,14,1556
"Belkin SportFit Armband For iPhone 5s/5c, Fuchsia",14,1557
Jawbone JAMBOX Wireless Bluetooth Speaker,14,1558
Avaya 5420 Digital phone,14,1559
LG Exalt,14,1560
GE 2-Jack Phone Line Splitter,14,1561
RCA ViSYS 25425RE1 Corded phone,14,1562
Nokia Lumia 1020,14,1563
Nortel Meridian M5316 Digital phone,14,1564
Samsung Convoy 3,14,1565
LG G2,14,1566
AT&T EL51110 DECT,14,1567
Panasonic Business Telephones KX-T7736,14,1568
Xiaomi Mi3,14,1569
PNY Rapid USB Car Charger - Black,14,1570
Logitech diNovo Edge Keyboard,15,1571
Maxell DVD-RAM Discs,15,1572
Logitech ClearChat Comfort/USB Headset H390,15,1573
Logitech Desktop MK120 Mouse and keyboard Combo,15,1574
Anker Ultra-Slim Mini Bluetooth 3.0 Wireless Keyboard,15,1575
KeyTronic E03601U1 - Keyboard - Beige,15,1576
Memorex Froggy Flash Drive 8 GB,15,1577
"TRENDnet 56K USB 2.0 Phone, Internet and Fax Modem",15,1578
Razer Kraken 7.1 Surround Sound Over Ear USB Gaming Headset,15,1579
Belkin Standard 104 key USB Keyboard,15,1580
Logitech Media Keyboard K200,15,1581
WD My Passport Ultra 1TB Portable External Hard Drive,15,1582
"Verbatim 25 GB 6x Blu-ray Single Layer Recordable Disc, 1/Pack",15,1583
Logitech Wireless Gaming Headset G930,15,1584
Logitech Wireless Anywhere Mouse MX for PC and Mac,15,1585
Logitech Keyboard K120,15,1586
Maxell 4.7GB DVD-R,15,1587
Maxell LTO Ultrium - 800 GB,15,1588
Belkin QODE FastFit Bluetooth Keyboard,15,1589
Logitech MX Performance Wireless Mouse,15,1590
Razer Kraken PRO Over Ear PC and Music Headset,15,1591
Kensington Orbit Wireless Mobile Trackball for PC and Mac,15,1592
Enermax Acrylux Wireless Keyboard,15,1593
Logitech G602 Wireless Gaming Mouse,15,1594
"Logitech Wireless Boombox Speaker - portable - wireless, wired",15,1595
"Verbatim Slim CD and DVD Storage Cases, 50/Pack",15,1596
Logitech VX Revolution Cordless Laser Mouse for Notebooks (Black),15,1597
Maxell 4.7GB DVD+R 5/Pack,15,1598
SanDisk Cruzer 64 GB USB Flash Drive,15,1599
Memorex Micro Travel Drive 4 GB,15,1600
Imation 32GB Pocket Pro USB 3.0 Flash Drive - 32 GB - Black - 1 P ...,15,1601
Memorex Mini Travel Drive 8 GB USB 2.0 Flash Drive,15,1602
Microsoft Sculpt Comfort Mouse,15,1603
"Maxell 74 Minute CDR, 10/Pack",15,1604
Plantronics S12 Corded Telephone Headset System,15,1605
Imation Secure+ Hardware Encrypted USB 2.0 Flash Drive; 16GB,15,1606
SanDisk Cruzer 32 GB USB Flash Drive,15,1607
Logitech G700s Rechargeable Gaming Mouse,15,1608
Case Logic 2.4GHz Wireless Keyboard,15,1609
Logitech 910-002974 M325 Wireless Mouse for Web Scrolling,15,1610
Imation 8gb Micro Traveldrive Usb 2.0 Flash Drive,15,1611
Memorex Froggy Flash Drive 4 GB,15,1612
Imation 30456 USB Flash Drive 8GB,15,1613
Sony 8GB Class 10 Micro SDHC R40 Memory Card,15,1614
Logitech Trackman Marble Mouse,15,1615
Micro Innovations USB RF Wireless Keyboard with Mouse,15,1616
Plantronics CS510 - Over-the-Head monaural Wireless Headset System,15,1617
Imation Secure Drive + Hardware Encrypted USB flash drive - 16 GB,15,1618
Sony Micro Vault Click 16 GB USB 2.0 Flash Drive,15,1619
SanDisk Cruzer 16 GB USB Flash Drive,15,1620
Microsoft Natural Ergonomic Keyboard 4000,15,1621
Enermax Aurora Lite Keyboard,15,1622
Maxell 4.7GB DVD-R 5/Pack,15,1623
Maxell CD-R Discs,15,1624
SanDisk Ultra 16 GB MicroSDHC Class 10 Memory Card,15,1625
Logitech M510 Wireless Mouse,15,1626
Anker Ultrathin Bluetooth Wireless Keyboard Aluminum Cover with Stand,15,1627
Logitech G500s Laser Gaming Mouse with Adjustable Weight Tuning,15,1628
HP Standard 104 key PS/2 Keyboard,15,1629
Logitech Z-906 Speaker sys - home theater - 5.1-CH,15,1630
"Maxell 74 Minute CD-R Spindle, 50/Pack",15,1631
Kingston Digital DataTraveler 16GB USB 2.0,15,1632
Logitech Wireless Marathon Mouse M705,15,1633
Sony 64GB Class 10 Micro SDHC R40 Memory Card,15,1634
First Data FD10 PIN Pad,15,1635
NETGEAR N750 Dual Band Wi-Fi Gigabit Router,15,1636
Kensington K72356US Mouse-in-a-Box USB Desktop Mouse,15,1637
Kingston Digital DataTraveler 32GB USB 2.0,15,1638
"Memorex 25GB 6X Branded Blu-Ray Recordable Disc, 15/Pack",15,1639
Kingston Digital DataTraveler 8GB USB 2.0,15,1640
Logitech G430 Surround Sound Gaming Headset with Dolby 7.1 Technology,15,1641
Dell Slim USB Multimedia Keyboard,15,1642
NETGEAR AC1750 Dual Band Gigabit Smart WiFi Router,15,1643
SanDisk Ultra 32 GB MicroSDHC Class 10 Memory Card,15,1644
Razer Tiamat Over Ear 7.1 Surround Sound PC Gaming Headset,15,1645
Memorex Micro Travel Drive 8 GB,15,1646
"Verbatim 25 GB 6x Blu-ray Single Layer Recordable Disc, 3/Pack",15,1647
Logitech Gaming G510s - Keyboard,15,1648
Microsoft Wireless Mobile Mouse 4000,15,1649
Imation 8GB Mini TravelDrive USB 2.0 Flash Drive,15,1650
Imation Bio 8GB USB Flash Drive Imation Corp,15,1651
Belkin F8E887 USB Wired Ergonomic Keyboard,15,1652
Logitech Wireless Touch Keyboard K400,15,1653
Logitech G13 Programmable Gameboard with LCD Display,15,1654
Imation Clip USB flash drive - 8 GB,15,1655
Sony 32GB Class 10 Micro SDHC R40 Memory Card,15,1656
Enermax Briskie RF Wireless Keyboard and Mouse Combo,15,1657
Logitech G600 MMO Gaming Mouse,15,1658
Memorex Micro Travel Drive 32 GB,15,1659
Memorex Mini Travel Drive 64 GB USB 2.0 Flash Drive,15,1660
Imation Bio 2GB USB Flash Drive Imation Corp,15,1661
WD My Passport Ultra 500GB Portable External Hard Drive,15,1662
Kensington Expert Mouse Optical USB Trackball for PC or Mac,15,1663
Logitech Wireless Headset h800,15,1664
Logitech Wireless Performance Mouse MX for PC and Mac,15,1665
"Verbatim 25 GB 6x Blu-ray Single Layer Recordable Disc, 10/Pack",15,1666
Plantronics Audio 995 Wireless Stereo Headset,15,1667
WD My Passport Ultra 2TB Portable External Hard Drive,15,1668
Logitech K350 2.4Ghz Wireless Keyboard,15,1669
Microsoft Arc Touch Mouse,15,1670
Micropad Numeric Keypads,15,1671
Logitech Illuminated - Keyboard,15,1672
Logitech G35 7.1-Channel Surround Sound Headset,15,1673
Maxell 4.7GB DVD+RW 3/Pack,15,1674
Imation Swivel Flash Drive USB flash drive - 8 GB,15,1675
Memorex Mini Travel Drive 16 GB USB 2.0 Flash Drive,15,1676
SanDisk Ultra 64 GB MicroSDHC Class 10 Memory Card,15,1677
Imation USB 2.0 Swivel Flash Drive USB flash drive - 4 GB - Pink,15,1678
Memorex Mini Travel Drive 32 GB USB 2.0 Flash Drive,15,1679
Plantronics Audio 478 Stereo USB Headset,15,1680
Sony Micro Vault Click 8 GB USB 2.0 Flash Drive,15,1681
Sony Micro Vault Click 4 GB USB 2.0 Flash Drive,15,1682
Rosewill 107 Normal Keys USB Wired Standard Keyboard,15,1683
AmazonBasics 3-Button USB Wired Mouse,15,1684
First Data TMFD35 PIN Pad,15,1685
Cherry 142-key Programmable Keyboard,15,1686
Microsoft Natural Keyboard Elite,15,1687
"Perixx PERIBOARD-512B, Ergonomic Split Keyboard",15,1688
Sony 16GB Class 10 Micro SDHC R40 Memory Card,15,1689
Logitech LS21 Speaker System - PC Multimedia - 2.1-CH - Wired,15,1690
Memorex Micro Travel Drive 16 GB,15,1691
Hypercom P1300 Pinpad,15,1692
Lenovo 17-Key USB Numeric Keypad,15,1693
KeyTronic 6101 Series - Keyboard - Black,15,1694
Logitech Wireless Headset H600 Over-The-Head Design,15,1695
KeyTronic KT400U2 - Keyboard - Black,15,1696
Kingston Digital DataTraveler 64GB USB 2.0,15,1697
Logitech Illuminated Ultrathin Keyboard with Backlighting,15,1698
"Verbatim 25 GB 6x Blu-ray Single Layer Recordable Disc, 25/Pack",15,1699
Kensington SlimBlade Notebook Wireless Mouse with Nano Receiver,15,1700
KeyTronic KT800P2 - Keyboard - Black,15,1701
Logitech G105 Gaming Keyboard,15,1702
SanDisk Cruzer 4 GB USB Flash Drive,15,1703
V7 USB Numeric Keypad,15,1704
Memorex Mini Travel Drive 4 GB USB 2.0 Flash Drive,15,1705
SanDisk Cruzer 8 GB USB Flash Drive,15,1706
"Maxell Pro 80 Minute CD-R, 10/Pack",15,1707
Maxell iVDR EX 500GB Cartridge,15,1708
Sabrent 4-Port USB 2.0 Hub,15,1709
Micro Innovations Wireless Classic Keyboard with Mouse,15,1710
NETGEAR RangeMax WNR1000 Wireless Router,15,1711
Canon Imageclass D680 Copier / Fax,16,1712
Brother DCP1000 Digital 3 in 1 Multifunction Machine,16,1713
Canon Image Class D660 Copier,16,1714
Hewlett Packard 310 Color Digital Copier,16,1715
Canon PC-428 Personal Copier,16,1716
Hewlett Packard LaserJet 3310 Copier,16,1717
Canon PC1060 Personal Laser Copier,16,1718
Sharp AL-1530CS Digital Copier,16,1719
Hewlett Packard 610 Color Digital Copier / Printer,16,1720
Sharp 1540cs Digital Laser Copier,16,1721
Canon PC940 Copier,16,1722
Canon imageCLASS 2200 Advanced Copier,16,1723
Canon PC1080F Personal Copier,16,1724
Cisco 9971 IP Video Phone Charcoal,17,1725
Zebra GX420t Direct Thermal/Thermal Transfer Printer,17,1726
Hewlett-Packard Deskjet 6540 Color Inkjet Printer,17,1727
Cisco TelePresence System EX90 Videoconferencing Unit,17,1728
Texas Instruments TI-34 Scientific Calculator,17,1729
Lexmark 20R1285 X6650 Wireless All-in-One Printer,17,1730
Cisco CP-7937G Unified IP Conference Station Phone,17,1731
"HP Designjet T520 Inkjet Large Format Printer - 24"" Color",17,1732
Cubify CubeX 3D Printer Triple Head Print,17,1733
"3D Systems Cube Printer, 2nd Generation, White",17,1734
"Epson WorkForce WF-2530 All-in-One Printer, Copier Scanner",17,1735
Okidata C610n Printer,17,1736
Penpower WorldCard Pro Card Scanner,17,1737
Hewlett-Packard Deskjet 3050a All-in-One Color Inkjet Printer,17,1738
DYMO CardScan Personal V9 Business Card Scanner,17,1739
Lexmark X 9575 Professional All-in-One Color Printer,17,1740
Star Micronics TSP800 TSP847IIU Receipt Printer,17,1741
Bady BDG101FRU Card Printer,17,1742
Okidata C331dn Printer,17,1743
Ativa MDM8000 8-Sheet Micro-Cut Shredder,17,1744
Hewlett-Packard Deskjet D4360 Printer,17,1745
"Vtech AT&T CL2940 Corded Speakerphone, Black",17,1746
Socket Bluetooth Cordless Hand Scanner (CHS),17,1747
Okidata MB760 Printer,17,1748
Lexmark S315 Color Inkjet Printer,17,1749
Cubify CubeX 3D Printer Double Head Print,17,1750
Ricoh - Ink Collector Unit for GX3000 Series Printers,17,1751
"HP Officejet Pro 8600 e-All-In-One Printer, Copier, Scanner, Fax",17,1752
Okidata B400 Printer,17,1753
Fellowes Powershred HS-440 4-Sheet High Security Shredder,17,1754
StarTech.com 10/100 VDSL2 Ethernet Extender Kit,17,1755
Cisco Desktop Collaboration Experience DX650 IP Video Phone,17,1756
Texas Instrument TI-15 Fraction Calculator,17,1757
Panasonic KX MC6040 Color Laser Multifunction Printer,17,1758
Okidata B401 Printer,17,1759
Plantronics Single Ear Headset,17,1760
Lexmark MX611dhe Monochrome Laser Printer,17,1761
Zebra GK420t Direct Thermal/Thermal Transfer Printer,17,1762
Panasonic KX MB2061 Multifunction Printer,17,1763
Xerox WorkCentre 6505DN Laser Multifunction Printer,17,1764
Hewlett-Packard Deskjet 5550 Printer,17,1765
Epson TM-T88V Direct Thermal Printer - Monochrome - Desktop,17,1766
Canon PC170 Desktop Personal Copier,17,1767
NeatDesk Desktop Scanner & Digital Filing System,17,1768
Wasp CCD Handheld Bar Code Reader,17,1769
"Canon Color ImageCLASS MF8580Cdw Wireless Laser All-In-One Printer, Copier, Scanner",17,1770
I.R.I.S IRISCard Anywhere 5 Card Scanner,17,1771
Lexmark MarkNet N8150 Wireless Print Server,17,1772
Epson Perfection V600 Photo Scanner,17,1773
"Brother MFC-9340CDW LED All-In-One Printer, Copier Scanner",17,1774
Canon imageCLASS MF7460 Monochrome Digital Laser Multifunction Copier,17,1775
Hewlett-Packard Desktjet 6988DT Refurbished Printer,17,1776
"3D Systems Cube Printer, 2nd Generation, Magenta",17,1777
Zebra ZM400 Thermal Label Printer,17,1778
Ativa V4110MDD Micro-Cut Shredder,17,1779
Hewlett-Packard 300S Scientific Calculator,17,1780
Star Micronics TSP100 TSP143LAN Receipt Printer,17,1781
Hewlett-Packard Deskjet F4180 All-in-One Color Ink-jet - Printer / copier / scanner,17,1782
Cisco 8961 IP Phone Charcoal,17,1783
Konica Minolta magicolor 1690MF Multifunction Printer,17,1784
Cisco SPA525G2 5-Line IP Phone,17,1785
